Rank,NOC,Gold,Silver,Bronze,Total,Year,Total Score,Is Host,Yearly Total Score,Score_Rate,lag1_coeff,lag2_coeff,lag3_coeff
1,United States,11,7,2,20,1896,49,0,251,0.1952191235059761,-0.018635704,-0.009878765,-0.005536997
2,Greece,10,18,19,47,1896,85,1,251,0.3386454183266932,0.064844238365524,-0.031648542,-0.000569784
3,Germany,6,5,2,13,1896,30,0,251,0.1195219123505976,0.0037464236304567,0.054508500406284,0.0294116358445334
4,France,5,4,2,11,1896,25,0,251,0.099601593625498,-0.007371037,-0.005794931,-0.00930495
5,Great Britain,2,3,2,7,1896,14,0,251,0.0557768924302788,-0.06192036,-0.031880806,-0.009741821
6,Hungary,2,1,3,6,1896,11,0,251,0.0438247011952191,0.081822948682144,-0.015298107,0.0298869241525155
7,Austria,2,1,2,5,1896,10,0,251,0.0398406374501992,0.1426373113008584,-0.072329556,0.0240571260583699
8,Australia,2,0,0,2,1896,6,0,251,0.0239043824701195,0.0593783761803394,0.0105979239956092,-0.017491077
9,Denmark,1,2,3,6,1896,10,0,251,0.0398406374501992,0.11215174873682,-0.059377711,0.0395365798657709
10,Switzerland,1,2,0,3,1896,7,0,251,0.0278884462151394,0.0645047778662797,-0.042643872,0.0670263595359131
11,Mixed team,1,0,1,2,1896,4,0,251,0.0159362549800796,0.0,0.0,0.0
1,France,27,39,37,103,1900,196,1,571,0.3432574430823117,-0.007371037,-0.005794931,-0.00930495
2,United States,19,14,15,48,1900,100,0,571,0.1751313485113835,-0.018635704,-0.009878765,-0.005536997
3,Great Britain,15,7,9,31,1900,68,0,571,0.1190893169877408,-0.06192036,-0.031880806,-0.009741821
4,Mixed team,8,5,6,19,1900,40,0,571,0.0700525394045534,0.0,0.0,0.0
5,Belgium,6,7,4,17,1900,36,0,571,0.063047285464098,0.0999535450525768,-0.072116842,0.0394756734574606
6,Switzerland,6,2,1,9,1900,23,0,571,0.0402802101576182,0.0645047778662797,-0.042643872,0.0670263595359131
7,Germany,4,3,2,9,1900,20,0,571,0.0350262697022767,0.0037464236304567,0.054508500406284,0.0294116358445334
8,Italy,3,2,0,5,1900,13,0,571,0.0227670753064798,-0.028464728,0.000580383620461,0.0517707547535864
9,Australia,2,0,3,5,1900,9,0,571,0.0157618213660245,0.0593783761803394,0.0105979239956092,-0.017491077
10,Denmark,1,3,2,6,1900,11,0,571,0.0192644483362521,0.11215174873682,-0.059377711,0.0395365798657709
11,Hungary,1,2,2,5,1900,9,0,571,0.0157618213660245,0.081822948682144,-0.015298107,0.0298869241525155
12,Cuba,1,1,0,2,1900,5,0,571,0.0087565674255691,0.1150892571363936,-0.012649172,-0.039939664
13,Canada,1,0,1,2,1900,4,0,571,0.0070052539404553,0.0147731501056603,-0.004054787,0.0028425278416601
14,Spain,1,0,0,1,1900,3,0,571,0.0052539404553415,0.0523829915644519,-0.003431032,0.0516043365955357
14,Luxembourg,1,0,0,1,1900,3,0,571,0.0052539404553415,0.0,0.0,0.0
16,Austria,0,3,3,6,1900,9,0,571,0.0157618213660245,0.1426373113008584,-0.072329556,0.0240571260583699
17,Norway,0,2,3,5,1900,7,0,571,0.0122591943957968,0.0736612564982121,0.0268687394913607,-0.030603601
17,Netherlands,0,2,3,5,1900,7,0,571,0.0122591943957968,0.0326027226637719,0.0182504912085674,-0.013945041
19,India,0,2,0,2,1900,4,0,571,0.0070052539404553,0.0354053868167537,0.0374176492799498,0.0175643905294755
20,Bohemia,0,1,1,2,1900,3,0,571,0.0052539404553415,0.0,0.0,0.0
21,Sweden,0,0,1,1,1900,1,0,571,0.0017513134851138,0.0678301712724681,-0.015719948,0.0220085393768702
1,United States,76,78,77,231,1904,461,1,566,0.8144876325088339,-0.018635704,-0.009878765,-0.005536997
2,Germany,4,5,6,15,1904,28,0,566,0.0494699646643109,0.0037464236304567,0.054508500406284,0.0294116358445334
3,Canada,4,1,1,6,1904,15,0,566,0.0265017667844522,0.0147731501056603,-0.004054787,0.0028425278416601
4,Cuba,3,0,0,3,1904,9,0,566,0.0159010600706713,0.1150892571363936,-0.012649172,-0.039939664
5,Hungary,2,1,1,4,1904,9,0,566,0.0159010600706713,0.081822948682144,-0.015298107,0.0298869241525155
5,Mixed team,2,1,1,4,1904,9,0,566,0.0159010600706713,0.0,0.0,0.0
7,Norway,2,0,0,2,1904,6,0,566,0.0106007067137809,0.0736612564982121,0.0268687394913607,-0.030603601
8,Austria,1,1,1,3,1904,6,0,566,0.0106007067137809,0.1426373113008584,-0.072329556,0.0240571260583699
9,Great Britain,1,1,0,2,1904,5,0,566,0.0088339222614841,-0.06192036,-0.031880806,-0.009741821
10,Switzerland,1,0,2,3,1904,5,0,566,0.0088339222614841,0.0645047778662797,-0.042643872,0.0670263595359131
11,Greece,1,0,1,2,1904,4,0,566,0.0070671378091872,0.064844238365524,-0.031648542,-0.000569784
12,Australia,0,3,1,4,1904,7,0,566,0.0123674911660777,0.0593783761803394,0.0105979239956092,-0.017491077
13,France,0,1,0,1,1904,2,0,566,0.0035335689045936,-0.007371037,-0.005794931,-0.00930495
1,Great Britain,56,51,39,146,1908,309,1,651,0.4746543778801843,-0.06192036,-0.031880806,-0.009741821
2,United States,23,12,12,47,1908,105,0,651,0.1612903225806451,-0.018635704,-0.009878765,-0.005536997
3,Sweden,8,6,11,25,1908,47,0,651,0.0721966205837173,0.0678301712724681,-0.015719948,0.0220085393768702
4,France,5,5,9,19,1908,34,0,651,0.0522273425499231,-0.007371037,-0.005794931,-0.00930495
5,Germany,3,5,5,13,1908,24,0,651,0.0368663594470046,0.0037464236304567,0.054508500406284,0.0294116358445334
6,Hungary,3,4,2,9,1908,19,0,651,0.0291858678955453,0.081822948682144,-0.015298107,0.0298869241525155
7,Canada,3,3,10,16,1908,25,0,651,0.0384024577572964,0.0147731501056603,-0.004054787,0.0028425278416601
8,Norway,2,3,3,8,1908,15,0,651,0.0230414746543778,0.0736612564982121,0.0268687394913607,-0.030603601
9,Italy,2,2,0,4,1908,10,0,651,0.0153609831029185,-0.028464728,0.000580383620461,0.0517707547535864
10,Belgium,1,5,2,8,1908,15,0,651,0.0230414746543778,0.0999535450525768,-0.072116842,0.0394756734574606
11,Australasia,1,2,2,5,1908,9,0,651,0.0138248847926267,0.0,0.0,0.0
12,Russian Empire,1,2,0,3,1908,7,0,651,0.010752688172043,0.0,0.0,0.0
13,Finland,1,1,3,5,1908,8,0,651,0.0122887864823348,0.0687637573636961,0.0453412694394228,-0.030496104
14,South Africa,1,1,0,2,1908,5,0,651,0.0076804915514592,0.0097076475034568,-0.014002044,0.0208371289553415
15,Greece,0,3,1,4,1908,7,0,651,0.010752688172043,0.064844238365524,-0.031648542,-0.000569784
16,Denmark,0,2,3,5,1908,7,0,651,0.010752688172043,0.11215174873682,-0.059377711,0.0395365798657709
17,Bohemia,0,0,2,2,1908,2,0,651,0.0030721966205837,0.0,0.0,0.0
17,Netherlands,0,0,2,2,1908,2,0,651,0.0030721966205837,0.0326027226637719,0.0182504912085674,-0.013945041
19,Austria,0,0,1,1,1908,1,0,651,0.0015360983102918,0.1426373113008584,-0.072329556,0.0240571260583699
1,United States,26,19,19,64,1912,135,0,622,0.2170418006430868,-0.018635704,-0.009878765,-0.005536997
2,Sweden,23,25,17,65,1912,136,1,622,0.2186495176848874,0.0678301712724681,-0.015719948,0.0220085393768702
3,Great Britain,10,15,16,41,1912,76,0,622,0.1221864951768488,-0.06192036,-0.031880806,-0.009741821
4,Finland,9,8,9,26,1912,52,0,622,0.0836012861736334,0.0687637573636961,0.0453412694394228,-0.030496104
5,France,7,4,3,14,1912,32,0,622,0.0514469453376205,-0.007371037,-0.005794931,-0.00930495
6,Germany,5,13,7,25,1912,48,0,622,0.0771704180064308,0.0037464236304567,0.054508500406284,0.0294116358445334
7,South Africa,4,2,0,6,1912,16,0,622,0.0257234726688102,0.0097076475034568,-0.014002044,0.0208371289553415
8,Norway,3,2,5,10,1912,18,0,622,0.0289389067524115,0.0736612564982121,0.0268687394913607,-0.030603601
9,Canada,3,2,3,8,1912,16,0,622,0.0257234726688102,0.0147731501056603,-0.004054787,0.0028425278416601
9,Hungary,3,2,3,8,1912,16,0,622,0.0257234726688102,0.081822948682144,-0.015298107,0.0298869241525155
11,Italy,3,1,2,6,1912,13,0,622,0.0209003215434083,-0.028464728,0.000580383620461,0.0517707547535864
12,Australasia,2,2,3,7,1912,13,0,622,0.0209003215434083,0.0,0.0,0.0
13,Belgium,2,1,3,6,1912,11,0,622,0.017684887459807,0.0999535450525768,-0.072116842,0.0394756734574606
14,Denmark,1,6,5,12,1912,20,0,622,0.0321543408360128,0.11215174873682,-0.059377711,0.0395365798657709
15,Greece,1,0,1,2,1912,4,0,622,0.0064308681672025,0.064844238365524,-0.031648542,-0.000569784
16,Russian Empire,0,2,3,5,1912,7,0,622,0.0112540192926045,0.0,0.0,0.0
17,Austria,0,2,2,4,1912,6,0,622,0.0096463022508038,0.1426373113008584,-0.072329556,0.0240571260583699
18,Netherlands,0,0,3,3,1912,3,0,622,0.0048231511254019,0.0326027226637719,0.0182504912085674,-0.013945041
1,United States,41,27,27,95,1920,204,0,895,0.2279329608938547,-0.018635704,-0.009878765,-0.005536997
2,Sweden,19,20,25,64,1920,122,0,895,0.1363128491620111,0.0678301712724681,-0.015719948,0.0220085393768702
3,Finland,15,10,9,34,1920,74,0,895,0.08268156424581,0.0687637573636961,0.0453412694394228,-0.030496104
4,Great Britain,14,15,13,42,1920,85,0,895,0.0949720670391061,-0.06192036,-0.031880806,-0.009741821
5,Belgium,14,11,11,36,1920,75,1,895,0.0837988826815642,0.0999535450525768,-0.072116842,0.0394756734574606
6,Norway,13,9,9,31,1920,66,0,895,0.0737430167597765,0.0736612564982121,0.0268687394913607,-0.030603601
7,Italy,13,5,5,23,1920,54,0,895,0.0603351955307262,-0.028464728,0.000580383620461,0.0517707547535864
8,France,9,19,13,41,1920,78,0,895,0.0871508379888268,-0.007371037,-0.005794931,-0.00930495
9,Netherlands,4,2,5,11,1920,21,0,895,0.0234636871508379,0.0326027226637719,0.0182504912085674,-0.013945041
10,Denmark,3,9,1,13,1920,28,0,895,0.0312849162011173,0.11215174873682,-0.059377711,0.0395365798657709
11,South Africa,3,4,3,10,1920,20,0,895,0.0223463687150838,0.0097076475034568,-0.014002044,0.0208371289553415
12,Canada,3,3,3,9,1920,18,0,895,0.0201117318435754,0.0147731501056603,-0.004054787,0.0028425278416601
13,Switzerland,2,2,7,11,1920,17,0,895,0.0189944134078212,0.0645047778662797,-0.042643872,0.0670263595359131
14,Estonia,1,2,0,3,1920,7,0,895,0.0078212290502793,0.0880598816225788,-0.056791081,0.029837845459897
15,Brazil,1,1,1,3,1920,6,0,895,0.0067039106145251,0.0474667852272042,0.0131828339023468,0.0570026670928254
16,Australia,0,2,1,3,1920,5,0,895,0.0055865921787709,0.0593783761803394,0.0105979239956092,-0.017491077
17,Japan,0,2,0,2,1920,4,0,895,0.0044692737430167,0.0308954330278842,0.0076793706983338,-0.020519968
17,Spain,0,2,0,2,1920,4,0,895,0.0044692737430167,0.0523829915644519,-0.003431032,0.0516043365955357
19,Greece,0,1,0,1,1920,2,0,895,0.0022346368715083,0.064844238365524,-0.031648542,-0.000569784
19,Luxembourg,0,1,0,1,1920,2,0,895,0.0022346368715083,0.0,0.0,0.0
21,Czechoslovakia,0,0,2,2,1920,2,0,895,0.0022346368715083,0.0749821282239202,-0.036724513,0.056253129472886
22,New Zealand,0,0,1,1,1920,1,0,895,0.0011173184357541,0.0991513404046973,-0.003886849,0.0097812651250406
1,United States,45,27,27,99,1924,216,0,757,0.285336856010568,-0.018635704,-0.009878765,-0.005536997
2,Finland,14,13,10,37,1924,78,0,757,0.1030383091149273,0.0687637573636961,0.0453412694394228,-0.030496104
3,France,13,15,10,38,1924,79,1,757,0.1043593130779392,-0.007371037,-0.005794931,-0.00930495
4,Great Britain,9,13,12,34,1924,65,0,757,0.0858652575957727,-0.06192036,-0.031880806,-0.009741821
5,Italy,8,3,5,16,1924,35,0,757,0.0462351387054161,-0.028464728,0.000580383620461,0.0517707547535864
6,Switzerland,7,8,10,25,1924,47,0,757,0.0620871862615587,0.0645047778662797,-0.042643872,0.0670263595359131
7,Norway,5,2,3,10,1924,22,0,757,0.0290620871862615,0.0736612564982121,0.0268687394913607,-0.030603601
8,Sweden,4,13,12,29,1924,50,0,757,0.0660501981505944,0.0678301712724681,-0.015719948,0.0220085393768702
9,Netherlands,4,1,5,10,1924,19,0,757,0.0250990752972258,0.0326027226637719,0.0182504912085674,-0.013945041
10,Belgium,3,7,3,13,1924,26,0,757,0.0343461030383091,0.0999535450525768,-0.072116842,0.0394756734574606
11,Australia,3,1,2,6,1924,13,0,757,0.0171730515191545,0.0593783761803394,0.0105979239956092,-0.017491077
12,Denmark,2,5,2,9,1924,18,0,757,0.023778071334214,0.11215174873682,-0.059377711,0.0395365798657709
13,Hungary,2,3,4,9,1924,16,0,757,0.0211360634081902,0.081822948682144,-0.015298107,0.0298869241525155
14,Yugoslavia,2,0,0,2,1924,6,0,757,0.0079260237780713,0.0853694851248009,-0.012944361,0.0515068632115274
15,Czechoslovakia,1,4,5,10,1924,16,0,757,0.0211360634081902,0.0749821282239202,-0.036724513,0.056253129472886
16,Argentina,1,3,2,6,1924,11,0,757,0.0145310435931307,0.0377932089641432,-0.009101754,0.0501999133209208
17,Estonia,1,1,4,6,1924,9,0,757,0.011889035667107,0.0880598816225788,-0.056791081,0.029837845459897
18,South Africa,1,1,1,3,1924,6,0,757,0.0079260237780713,0.0097076475034568,-0.014002044,0.0208371289553415
19,Uruguay,1,0,0,1,1924,3,0,757,0.0039630118890356,-0.007648627,0.0321630839059514,0.0383103151530274
20,Austria,0,3,1,4,1924,7,0,757,0.0092470277410832,0.1426373113008584,-0.072329556,0.0240571260583699
20,Canada,0,3,1,4,1924,7,0,757,0.0092470277410832,0.0147731501056603,-0.004054787,0.0028425278416601
22,Poland,0,1,1,2,1924,3,0,757,0.0039630118890356,0.0960781072930106,-0.033445012,0.0298788401460767
23,Haiti,0,0,1,1,1924,1,0,757,0.0013210039630118,0.0,0.0,0.0
23,Japan,0,0,1,1,1924,1,0,757,0.0013210039630118,0.0308954330278842,0.0076793706983338,-0.020519968
23,New Zealand,0,0,1,1,1924,1,0,757,0.0013210039630118,0.0991513404046973,-0.003886849,0.0097812651250406
23,Portugal,0,0,1,1,1924,1,0,757,0.0013210039630118,0.0502517307220905,0.0062580577956718,0.0442410827754413
23,Romania,0,0,1,1,1924,1,0,757,0.0013210039630118,0.1381380069280918,-0.032482878,-0.008737718
1,United States,22,18,16,56,1928,118,0,655,0.1801526717557252,-0.018635704,-0.009878765,-0.005536997
2,Germany,10,7,14,31,1928,58,0,655,0.0885496183206106,0.0037464236304567,0.054508500406284,0.0294116358445334
3,Finland,8,8,9,25,1928,49,0,655,0.0748091603053435,0.0687637573636961,0.0453412694394228,-0.030496104
4,Sweden,7,6,12,25,1928,45,0,655,0.0687022900763358,0.0678301712724681,-0.015719948,0.0220085393768702
5,Italy,7,5,7,19,1928,38,0,655,0.0580152671755725,-0.028464728,0.000580383620461,0.0517707547535864
6,Switzerland,7,4,4,15,1928,33,0,655,0.0503816793893129,0.0645047778662797,-0.042643872,0.0670263595359131
7,France,6,10,5,21,1928,43,0,655,0.065648854961832,-0.007371037,-0.005794931,-0.00930495
8,Netherlands,6,9,4,19,1928,40,1,655,0.0610687022900763,0.0326027226637719,0.0182504912085674,-0.013945041
9,Hungary,4,5,0,9,1928,22,0,655,0.0335877862595419,0.081822948682144,-0.015298107,0.0298869241525155
10,Canada,4,4,7,15,1928,27,0,655,0.0412213740458015,0.0147731501056603,-0.004054787,0.0028425278416601
11,Great Britain,3,10,7,20,1928,36,0,655,0.0549618320610687,-0.06192036,-0.031880806,-0.009741821
12,Argentina,3,3,1,7,1928,16,0,655,0.0244274809160305,0.0377932089641432,-0.009101754,0.0501999133209208
13,Denmark,3,1,2,6,1928,13,0,655,0.0198473282442748,0.11215174873682,-0.059377711,0.0395365798657709
14,Czechoslovakia,2,5,2,9,1928,18,0,655,0.0274809160305343,0.0749821282239202,-0.036724513,0.056253129472886
15,Japan,2,2,1,5,1928,11,0,655,0.0167938931297709,0.0308954330278842,0.0076793706983338,-0.020519968
16,Estonia,2,1,2,5,1928,10,0,655,0.015267175572519,0.0880598816225788,-0.056791081,0.029837845459897
17,Egypt,2,1,1,4,1928,9,0,655,0.0137404580152671,-0.011362303,0.0170307797201968,-0.019578094
18,Austria,2,0,1,3,1928,7,0,655,0.0106870229007633,0.1426373113008584,-0.072329556,0.0240571260583699
19,Australia,1,2,1,4,1928,8,0,655,0.0122137404580152,0.0593783761803394,0.0105979239956092,-0.017491077
19,Norway,1,2,1,4,1928,8,0,655,0.0122137404580152,0.0736612564982121,0.0268687394913607,-0.030603601
21,Poland,1,1,3,5,1928,8,0,655,0.0122137404580152,0.0960781072930106,-0.033445012,0.0298788401460767
21,Yugoslavia,1,1,3,5,1928,8,0,655,0.0122137404580152,0.0853694851248009,-0.012944361,0.0515068632115274
23,South Africa,1,0,2,3,1928,5,0,655,0.0076335877862595,0.0097076475034568,-0.014002044,0.0208371289553415
24,India,1,0,0,1,1928,3,0,655,0.0045801526717557,0.0354053868167537,0.0374176492799498,0.0175643905294755
24,Ireland,1,0,0,1,1928,3,0,655,0.0045801526717557,0.0043770977096089,0.0492732399711982,0.0361240253097746
24,New Zealand,1,0,0,1,1928,3,0,655,0.0045801526717557,0.0991513404046973,-0.003886849,0.0097812651250406
24,Spain,1,0,0,1,1928,3,0,655,0.0045801526717557,0.0523829915644519,-0.003431032,0.0516043365955357
24,Uruguay,1,0,0,1,1928,3,0,655,0.0045801526717557,-0.007648627,0.0321630839059514,0.0383103151530274
29,Belgium,0,1,2,3,1928,4,0,655,0.0061068702290076,0.0999535450525768,-0.072116842,0.0394756734574606
30,Chile,0,1,0,1,1928,2,0,655,0.0030534351145038,0.0061582518953526,-0.003767427,0.0468435264192354
30,Haiti,0,1,0,1,1928,2,0,655,0.0030534351145038,0.0,0.0,0.0
32,Philippines,0,0,1,1,1928,1,0,655,0.0015267175572519,0.1125621440638615,0.0413774240570134,-0.04002275
32,Portugal,0,0,1,1,1928,1,0,655,0.0015267175572519,0.0502517307220905,0.0062580577956718,0.0442410827754413
1,United States,44,36,30,110,1932,234,1,745,0.3140939597315436,-0.018635704,-0.009878765,-0.005536997
2,Italy,12,12,12,36,1932,72,0,745,0.0966442953020134,-0.028464728,0.000580383620461,0.0517707547535864
3,France,11,5,4,20,1932,47,0,745,0.0630872483221476,-0.007371037,-0.005794931,-0.00930495
4,Sweden,10,5,9,24,1932,49,0,745,0.0657718120805369,0.0678301712724681,-0.015719948,0.0220085393768702
5,Japan,7,7,4,18,1932,39,0,745,0.0523489932885906,0.0308954330278842,0.0076793706983338,-0.020519968
6,Hungary,6,5,5,16,1932,33,0,745,0.0442953020134228,0.081822948682144,-0.015298107,0.0298869241525155
7,Germany,5,12,7,24,1932,46,0,745,0.061744966442953,0.0037464236304567,0.054508500406284,0.0294116358445334
8,Finland,5,8,12,25,1932,43,0,745,0.0577181208053691,0.0687637573636961,0.0453412694394228,-0.030496104
9,Great Britain,5,7,5,17,1932,34,0,745,0.0456375838926174,-0.06192036,-0.031880806,-0.009741821
10,Poland,3,2,4,9,1932,17,0,745,0.0228187919463087,0.0960781072930106,-0.033445012,0.0298788401460767
11,Australia,3,1,1,5,1932,12,0,745,0.0161073825503355,0.0593783761803394,0.0105979239956092,-0.017491077
12,Argentina,3,1,0,4,1932,11,0,745,0.0147651006711409,0.0377932089641432,-0.009101754,0.0501999133209208
13,Canada,2,5,9,16,1932,25,0,745,0.0335570469798657,0.0147731501056603,-0.004054787,0.0028425278416601
14,Netherlands,2,5,1,8,1932,17,0,745,0.0228187919463087,0.0326027226637719,0.0182504912085674,-0.013945041
15,South Africa,2,0,3,5,1932,9,0,745,0.0120805369127516,0.0097076475034568,-0.014002044,0.0208371289553415
16,Ireland,2,0,0,2,1932,6,0,745,0.0080536912751677,0.0043770977096089,0.0492732399711982,0.0361240253097746
17,Czechoslovakia,1,3,2,6,1932,11,0,745,0.0147651006711409,0.0749821282239202,-0.036724513,0.056253129472886
18,Austria,1,1,3,5,1932,8,0,745,0.010738255033557,0.1426373113008584,-0.072329556,0.0240571260583699
19,India,1,0,0,1,1932,3,0,745,0.0040268456375838,0.0354053868167537,0.0374176492799498,0.0175643905294755
20,Denmark,0,5,3,8,1932,13,0,745,0.0174496644295302,0.11215174873682,-0.059377711,0.0395365798657709
21,Mexico,0,2,0,2,1932,4,0,745,0.0053691275167785,-0.036453767,-0.033701709,-0.026782985
22,Latvia,0,1,0,1,1932,2,0,745,0.0026845637583892,0.0795054125886066,-0.054190134,0.066111305588507
22,New Zealand,0,1,0,1,1932,2,0,745,0.0026845637583892,0.0991513404046973,-0.003886849,0.0097812651250406
22,Switzerland,0,1,0,1,1932,2,0,745,0.0026845637583892,0.0645047778662797,-0.042643872,0.0670263595359131
25,Philippines,0,0,3,3,1932,3,0,745,0.0040268456375838,0.1125621440638615,0.0413774240570134,-0.04002275
26,Belgium,0,0,1,1,1932,1,0,745,0.0013422818791946,0.0999535450525768,-0.072116842,0.0394756734574606
26,Spain,0,0,1,1,1932,1,0,745,0.0013422818791946,0.0523829915644519,-0.003431032,0.0516043365955357
26,Uruguay,0,0,1,1,1932,1,0,745,0.0013422818791946,-0.007648627,0.0321630839059514,0.0383103151530274
1,Germany,38,31,32,101,1936,208,1,844,0.2464454976303317,0.0037464236304567,0.054508500406284,0.0294116358445334
2,United States,24,21,12,57,1936,126,0,844,0.1492890995260663,-0.018635704,-0.009878765,-0.005536997
3,Hungary,10,1,5,16,1936,37,0,844,0.0438388625592417,0.081822948682144,-0.015298107,0.0298869241525155
4,Italy,9,13,5,27,1936,58,0,844,0.0687203791469194,-0.028464728,0.000580383620461,0.0517707547535864
5,Finland,8,6,6,20,1936,42,0,844,0.0497630331753554,0.0687637573636961,0.0453412694394228,-0.030496104
6,France,7,6,6,19,1936,39,0,844,0.0462085308056872,-0.007371037,-0.005794931,-0.00930495
7,Sweden,6,5,10,21,1936,38,0,844,0.0450236966824644,0.0678301712724681,-0.015719948,0.0220085393768702
8,Japan,6,4,10,20,1936,36,0,844,0.0426540284360189,0.0308954330278842,0.0076793706983338,-0.020519968
9,Netherlands,6,4,7,17,1936,33,0,844,0.0390995260663507,0.0326027226637719,0.0182504912085674,-0.013945041
10,Austria,5,7,5,17,1936,34,0,844,0.0402843601895734,0.1426373113008584,-0.072329556,0.0240571260583699
11,Switzerland,4,9,5,18,1936,35,0,844,0.0414691943127962,0.0645047778662797,-0.042643872,0.0670263595359131
12,Great Britain,4,7,3,14,1936,29,0,844,0.0343601895734597,-0.06192036,-0.031880806,-0.009741821
13,Czechoslovakia,3,5,1,9,1936,20,0,844,0.0236966824644549,0.0749821282239202,-0.036724513,0.056253129472886
14,Argentina,2,2,3,7,1936,13,0,844,0.0154028436018957,0.0377932089641432,-0.009101754,0.0501999133209208
14,Estonia,2,2,3,7,1936,13,0,844,0.0154028436018957,0.0880598816225788,-0.056791081,0.029837845459897
16,Egypt,2,1,2,5,1936,10,0,844,0.0118483412322274,-0.011362303,0.0170307797201968,-0.019578094
17,Canada,1,3,5,9,1936,14,0,844,0.0165876777251184,0.0147731501056603,-0.004054787,0.0028425278416601
18,Norway,1,3,2,6,1936,11,0,844,0.0130331753554502,0.0736612564982121,0.0268687394913607,-0.030603601
19,Turkey,1,0,1,2,1936,4,0,844,0.0047393364928909,0.0348245838511438,0.0071872141261822,0.0390670382651637
20,India,1,0,0,1,1936,3,0,844,0.0035545023696682,0.0354053868167537,0.0374176492799498,0.0175643905294755
20,New Zealand,1,0,0,1,1936,3,0,844,0.0035545023696682,0.0991513404046973,-0.003886849,0.0097812651250406
22,Poland,0,4,5,9,1936,13,0,844,0.0154028436018957,0.0960781072930106,-0.033445012,0.0298788401460767
23,Denmark,0,2,3,5,1936,7,0,844,0.0082938388625592,0.11215174873682,-0.059377711,0.0395365798657709
24,Latvia,0,1,1,2,1936,3,0,844,0.0035545023696682,0.0795054125886066,-0.054190134,0.066111305588507
25,Romania,0,1,0,1,1936,2,0,844,0.0023696682464454,0.1381380069280918,-0.032482878,-0.008737718
25,South Africa,0,1,0,1,1936,2,0,844,0.0023696682464454,0.0097076475034568,-0.014002044,0.0208371289553415
25,Yugoslavia,0,1,0,1,1936,2,0,844,0.0023696682464454,0.0853694851248009,-0.012944361,0.0515068632115274
28,Belgium,0,0,3,3,1936,3,0,844,0.0035545023696682,0.0999535450525768,-0.072116842,0.0394756734574606
28,Mexico,0,0,3,3,1936,3,0,844,0.0035545023696682,-0.036453767,-0.033701709,-0.026782985
30,Australia,0,0,1,1,1936,1,0,844,0.0011848341232227,0.0593783761803394,0.0105979239956092,-0.017491077
30,Philippines,0,0,1,1,1936,1,0,844,0.0011848341232227,0.1125621440638615,0.0413774240570134,-0.04002275
30,Portugal,0,0,1,1,1936,1,0,844,0.0011848341232227,0.0502517307220905,0.0062580577956718,0.0442410827754413
1,United States,38,27,19,84,1948,187,0,822,0.2274939172749391,-0.018635704,-0.009878765,-0.005536997
2,Sweden,16,11,17,44,1948,87,0,822,0.1058394160583941,0.0678301712724681,-0.015719948,0.0220085393768702
3,France,10,6,13,29,1948,55,0,822,0.0669099756690997,-0.007371037,-0.005794931,-0.00930495
4,Hungary,10,5,12,27,1948,52,0,822,0.0632603406326034,0.081822948682144,-0.015298107,0.0298869241525155
5,Italy,8,11,8,27,1948,54,0,822,0.0656934306569343,-0.028464728,0.000580383620461,0.0517707547535864
6,Finland,8,7,5,20,1948,43,0,822,0.0523114355231143,0.0687637573636961,0.0453412694394228,-0.030496104
7,Turkey,6,4,2,12,1948,28,0,822,0.0340632603406326,0.0348245838511438,0.0071872141261822,0.0390670382651637
8,Czechoslovakia,6,2,3,11,1948,25,0,822,0.0304136253041362,0.0749821282239202,-0.036724513,0.056253129472886
9,Switzerland,5,10,5,20,1948,40,0,822,0.048661800486618,0.0645047778662797,-0.042643872,0.0670263595359131
10,Denmark,5,7,8,20,1948,37,0,822,0.0450121654501216,0.11215174873682,-0.059377711,0.0395365798657709
11,Netherlands,5,2,9,16,1948,28,0,822,0.0340632603406326,0.0326027226637719,0.0182504912085674,-0.013945041
12,Great Britain,3,14,6,23,1948,43,1,822,0.0523114355231143,-0.06192036,-0.031880806,-0.009741821
13,Argentina,3,3,1,7,1948,16,0,822,0.0194647201946472,0.0377932089641432,-0.009101754,0.0501999133209208
14,Australia,2,6,5,13,1948,23,0,822,0.0279805352798053,0.0593783761803394,0.0105979239956092,-0.017491077
15,Belgium,2,2,3,7,1948,13,0,822,0.0158150851581508,0.0999535450525768,-0.072116842,0.0394756734574606
16,Egypt,2,2,1,5,1948,11,0,822,0.0133819951338199,-0.011362303,0.0170307797201968,-0.019578094
17,Mexico,2,1,2,5,1948,10,0,822,0.0121654501216545,-0.036453767,-0.033701709,-0.026782985
18,South Africa,2,1,1,4,1948,9,0,822,0.010948905109489,0.0097076475034568,-0.014002044,0.0208371289553415
19,Norway,1,3,3,7,1948,12,0,822,0.0145985401459854,0.0736612564982121,0.0268687394913607,-0.030603601
20,Jamaica,1,2,0,3,1948,7,0,822,0.0085158150851581,0.0855338332575038,-0.021296139,0.0019865870098395
21,Austria,1,0,3,4,1948,6,0,822,0.0072992700729927,0.1426373113008584,-0.072329556,0.0240571260583699
22,India,1,0,0,1,1948,3,0,822,0.0036496350364963,0.0354053868167537,0.0374176492799498,0.0175643905294755
22,Peru,1,0,0,1,1948,3,0,822,0.0036496350364963,-0.000488819,-0.001099503,0.0350495765136951
24,Yugoslavia,0,2,0,2,1948,4,0,822,0.0048661800486618,0.0853694851248009,-0.012944361,0.0515068632115274
25,Canada,0,1,2,3,1948,4,0,822,0.0048661800486618,0.0147731501056603,-0.004054787,0.0028425278416601
26,Portugal,0,1,1,2,1948,3,0,822,0.0036496350364963,0.0502517307220905,0.0062580577956718,0.0442410827754413
26,Uruguay,0,1,1,2,1948,3,0,822,0.0036496350364963,-0.007648627,0.0321630839059514,0.0383103151530274
28,Ceylon,0,1,0,1,1948,2,0,822,0.0024330900243309,0.0,0.0,0.0
28,Cuba,0,1,0,1,1948,2,0,822,0.0024330900243309,0.1150892571363936,-0.012649172,-0.039939664
28,Spain,0,1,0,1,1948,2,0,822,0.0024330900243309,0.0523829915644519,-0.003431032,0.0516043365955357
28,Trinidad and Tobago,0,1,0,1,1948,2,0,822,0.0024330900243309,0.0485508378565269,-0.0326002,0.0571114635394481
32,Panama,0,0,2,2,1948,2,0,822,0.0024330900243309,0.0,0.0,0.0
32,South Korea,0,0,2,2,1948,2,0,822,0.0024330900243309,0.1299539397074564,-0.096731247,0.0460938076451412
34,Brazil,0,0,1,1,1948,1,0,822,0.0012165450121654,0.0474667852272042,0.0131828339023468,0.0570026670928254
34,Iran,0,0,1,1,1948,1,0,822,0.0012165450121654,0.0238295166639712,0.0229610738475428,0.0439875021982788
34,Poland,0,0,1,1,1948,1,0,822,0.0012165450121654,0.0960781072930106,-0.033445012,0.0298788401460767
34,Puerto Rico,0,0,1,1,1948,1,0,822,0.0012165450121654,0.0333449017498307,0.0077939908203272,0.0451754467957053
1,United States,40,19,17,76,1952,175,0,909,0.1925192519251925,-0.018635704,-0.009878765,-0.005536997
2,Soviet Union,22,30,19,71,1952,145,0,909,0.1595159515951595,0.019355685452282,-0.166917418,-0.094159854
3,Hungary,16,10,16,42,1952,84,0,909,0.0924092409240924,0.081822948682144,-0.015298107,0.0298869241525155
4,Sweden,12,13,10,35,1952,72,0,909,0.0792079207920792,0.0678301712724681,-0.015719948,0.0220085393768702
5,Italy,8,9,4,21,1952,46,0,909,0.0506050605060506,-0.028464728,0.000580383620461,0.0517707547535864
6,Czechoslovakia,7,3,3,13,1952,30,0,909,0.033003300330033,0.0749821282239202,-0.036724513,0.056253129472886
7,France,6,6,6,18,1952,36,0,909,0.0396039603960396,-0.007371037,-0.005794931,-0.00930495
8,Finland,6,3,13,22,1952,37,1,909,0.0407040704070407,0.0687637573636961,0.0453412694394228,-0.030496104
9,Australia,6,2,3,11,1952,25,0,909,0.0275027502750275,0.0593783761803394,0.0105979239956092,-0.017491077
10,Norway,3,2,0,5,1952,13,0,909,0.0143014301430143,0.0736612564982121,0.0268687394913607,-0.030603601
11,Switzerland,2,6,6,14,1952,24,0,909,0.0264026402640264,0.0645047778662797,-0.042643872,0.0670263595359131
12,South Africa,2,4,4,10,1952,18,0,909,0.0198019801980198,0.0097076475034568,-0.014002044,0.0208371289553415
13,Jamaica,2,3,0,5,1952,12,0,909,0.0132013201320132,0.0855338332575038,-0.021296139,0.0019865870098395
14,Belgium,2,2,0,4,1952,10,0,909,0.011001100110011,0.0999535450525768,-0.072116842,0.0394756734574606
15,Denmark,2,1,3,6,1952,11,0,909,0.0121012101210121,0.11215174873682,-0.059377711,0.0395365798657709
16,Turkey,2,0,1,3,1952,7,0,909,0.0077007700770077,0.0348245838511438,0.0071872141261822,0.0390670382651637
17,Japan,1,6,2,9,1952,17,0,909,0.0187018701870187,0.0308954330278842,0.0076793706983338,-0.020519968
18,Great Britain,1,2,8,11,1952,15,0,909,0.0165016501650165,-0.06192036,-0.031880806,-0.009741821
19,Argentina,1,2,2,5,1952,9,0,909,0.0099009900990099,0.0377932089641432,-0.009101754,0.0501999133209208
20,Poland,1,2,1,4,1952,8,0,909,0.0088008800880088,0.0960781072930106,-0.033445012,0.0298788401460767
21,Canada,1,2,0,3,1952,7,0,909,0.0077007700770077,0.0147731501056603,-0.004054787,0.0028425278416601
21,Yugoslavia,1,2,0,3,1952,7,0,909,0.0077007700770077,0.0853694851248009,-0.012944361,0.0515068632115274
23,Romania,1,1,2,4,1952,7,0,909,0.0077007700770077,0.1381380069280918,-0.032482878,-0.008737718
24,Brazil,1,0,2,3,1952,5,0,909,0.0055005500550055,0.0474667852272042,0.0131828339023468,0.0570026670928254
24,New Zealand,1,0,2,3,1952,5,0,909,0.0055005500550055,0.0991513404046973,-0.003886849,0.0097812651250406
26,India,1,0,1,2,1952,4,0,909,0.0044004400440044,0.0354053868167537,0.0374176492799498,0.0175643905294755
27,Luxembourg,1,0,0,1,1952,3,0,909,0.0033003300330033,0.0,0.0,0.0
28,Germany,0,7,17,24,1952,31,0,909,0.0341034103410341,0.0037464236304567,0.054508500406284,0.0294116358445334
29,Netherlands,0,5,0,5,1952,10,0,909,0.011001100110011,0.0326027226637719,0.0182504912085674,-0.013945041
30,Iran,0,3,4,7,1952,10,0,909,0.011001100110011,0.0238295166639712,0.0229610738475428,0.0439875021982788
31,Chile,0,2,0,2,1952,4,0,909,0.0044004400440044,0.0061582518953526,-0.003767427,0.0468435264192354
32,Austria,0,1,1,2,1952,3,0,909,0.0033003300330033,0.1426373113008584,-0.072329556,0.0240571260583699
32,Lebanon,0,1,1,2,1952,3,0,909,0.0033003300330033,0.0,0.0,0.0
34,Ireland,0,1,0,1,1952,2,0,909,0.0022002200220022,0.0043770977096089,0.0492732399711982,0.0361240253097746
34,Mexico,0,1,0,1,1952,2,0,909,0.0022002200220022,-0.036453767,-0.033701709,-0.026782985
34,Spain,0,1,0,1,1952,2,0,909,0.0022002200220022,0.0523829915644519,-0.003431032,0.0516043365955357
37,South Korea,0,0,2,2,1952,2,0,909,0.0022002200220022,0.1299539397074564,-0.096731247,0.0460938076451412
37,Trinidad and Tobago,0,0,2,2,1952,2,0,909,0.0022002200220022,0.0485508378565269,-0.0326002,0.0571114635394481
37,Uruguay,0,0,2,2,1952,2,0,909,0.0022002200220022,-0.007648627,0.0321630839059514,0.0383103151530274
40,Bulgaria,0,0,1,1,1952,1,0,909,0.0011001100110011,0.0933639052482865,0.0060403658726689,-0.012116691
40,Egypt,0,0,1,1,1952,1,0,909,0.0011001100110011,-0.011362303,0.0170307797201968,-0.019578094
40,Portugal,0,0,1,1,1952,1,0,909,0.0011001100110011,0.0502517307220905,0.0062580577956718,0.0442410827754413
40,Venezuela,0,0,1,1,1952,1,0,909,0.0011001100110011,0.0982120652382588,-0.009936818,0.018882609597689
1,Soviet Union,37,29,32,98,1956,201,0,928,0.2165948275862069,0.019355685452282,-0.166917418,-0.094159854
2,United States,32,25,17,74,1956,163,0,928,0.1756465517241379,-0.018635704,-0.009878765,-0.005536997
3,Australia,13,8,14,35,1956,69,1,928,0.074353448275862,0.0593783761803394,0.0105979239956092,-0.017491077
4,Hungary,9,10,7,26,1956,54,0,928,0.0581896551724137,0.081822948682144,-0.015298107,0.0298869241525155
5,Italy,8,8,9,25,1956,49,0,928,0.052801724137931,-0.028464728,0.000580383620461,0.0517707547535864
6,Sweden,8,5,6,19,1956,40,0,928,0.043103448275862,0.0678301712724681,-0.015719948,0.0220085393768702
7,United Team of Germany,6,13,7,26,1956,51,0,928,0.0549568965517241,0.0,0.0,0.0
8,Great Britain,6,7,11,24,1956,43,0,928,0.0463362068965517,-0.06192036,-0.031880806,-0.009741821
9,Romania,5,3,5,13,1956,26,0,928,0.0280172413793103,0.1381380069280918,-0.032482878,-0.008737718
10,Japan,4,10,5,19,1956,37,0,928,0.0398706896551724,0.0308954330278842,0.0076793706983338,-0.020519968
11,France,4,4,6,14,1956,26,0,928,0.0280172413793103,-0.007371037,-0.005794931,-0.00930495
12,Turkey,3,2,2,7,1956,15,0,928,0.0161637931034482,0.0348245838511438,0.0071872141261822,0.0390670382651637
13,Finland,3,1,11,15,1956,22,0,928,0.0237068965517241,0.0687637573636961,0.0453412694394228,-0.030496104
14,Iran,2,2,1,5,1956,11,0,928,0.011853448275862,0.0238295166639712,0.0229610738475428,0.0439875021982788
15,Canada,2,1,3,6,1956,11,0,928,0.011853448275862,0.0147731501056603,-0.004054787,0.0028425278416601
16,New Zealand,2,0,0,2,1956,6,0,928,0.0064655172413793,0.0991513404046973,-0.003886849,0.0097812651250406
17,Poland,1,4,4,9,1956,15,0,928,0.0161637931034482,0.0960781072930106,-0.033445012,0.0298788401460767
18,Czechoslovakia,1,4,1,6,1956,12,0,928,0.0129310344827586,0.0749821282239202,-0.036724513,0.056253129472886
19,Bulgaria,1,3,1,5,1956,10,0,928,0.0107758620689655,0.0933639052482865,0.0060403658726689,-0.012116691
20,Denmark,1,2,1,4,1956,8,0,928,0.0086206896551724,0.11215174873682,-0.059377711,0.0395365798657709
21,Ireland,1,1,3,5,1956,8,0,928,0.0086206896551724,0.0043770977096089,0.0492732399711982,0.0361240253097746
22,Norway,1,0,2,3,1956,5,0,928,0.0053879310344827,0.0736612564982121,0.0268687394913607,-0.030603601
23,Mexico,1,0,1,2,1956,4,0,928,0.0043103448275862,-0.036453767,-0.033701709,-0.026782985
24,Brazil,1,0,0,1,1956,3,0,928,0.0032327586206896,0.0474667852272042,0.0131828339023468,0.0570026670928254
24,India,1,0,0,1,1956,3,0,928,0.0032327586206896,0.0354053868167537,0.0374176492799498,0.0175643905294755
26,Yugoslavia,0,3,0,3,1956,6,0,928,0.0064655172413793,0.0853694851248009,-0.012944361,0.0515068632115274
27,Chile,0,2,2,4,1956,6,0,928,0.0064655172413793,0.0061582518953526,-0.003767427,0.0468435264192354
28,Belgium,0,2,0,2,1956,4,0,928,0.0043103448275862,0.0999535450525768,-0.072116842,0.0394756734574606
29,Argentina,0,1,1,2,1956,3,0,928,0.0032327586206896,0.0377932089641432,-0.009101754,0.0501999133209208
29,South Korea,0,1,1,2,1956,3,0,928,0.0032327586206896,0.1299539397074564,-0.096731247,0.0460938076451412
31,Iceland,0,1,0,1,1956,2,0,928,0.0021551724137931,0.0,0.0,0.0
31,Pakistan,0,1,0,1,1956,2,0,928,0.0021551724137931,-0.044496238,0.0428995127110449,0.0556258349103398
33,South Africa,0,0,4,4,1956,4,0,928,0.0043103448275862,0.0097076475034568,-0.014002044,0.0208371289553415
34,Austria,0,0,2,2,1956,2,0,928,0.0021551724137931,0.1426373113008584,-0.072329556,0.0240571260583699
35,Bahamas,0,0,1,1,1956,1,0,928,0.0010775862068965,0.0588599123419141,-0.010917959,0.0616733057440297
35,Greece,0,0,1,1,1956,1,0,928,0.0010775862068965,0.064844238365524,-0.031648542,-0.000569784
35,Switzerland,0,0,1,1,1956,1,0,928,0.0010775862068965,0.0645047778662797,-0.042643872,0.0670263595359131
35,Uruguay,0,0,1,1,1956,1,0,928,0.0010775862068965,-0.007648627,0.0321630839059514,0.0383103151530274
1,Soviet Union,43,29,31,103,1960,218,0,914,0.2385120350109409,0.019355685452282,-0.166917418,-0.094159854
2,United States,34,21,16,71,1960,160,0,914,0.175054704595186,-0.018635704,-0.009878765,-0.005536997
3,Italy,13,10,13,36,1960,72,1,914,0.0787746170678337,-0.028464728,0.000580383620461,0.0517707547535864
4,United Team of Germany,12,19,11,42,1960,85,0,914,0.0929978118161925,0.0,0.0,0.0
5,Australia,8,8,6,22,1960,46,0,914,0.0503282275711159,0.0593783761803394,0.0105979239956092,-0.017491077
6,Turkey,7,2,0,9,1960,25,0,914,0.0273522975929978,0.0348245838511438,0.0071872141261822,0.0390670382651637
7,Hungary,6,8,7,21,1960,41,0,914,0.0448577680525164,0.081822948682144,-0.015298107,0.0298869241525155
8,Japan,4,7,7,18,1960,33,0,914,0.0361050328227571,0.0308954330278842,0.0076793706983338,-0.020519968
9,Poland,4,6,11,21,1960,35,0,914,0.0382932166301969,0.0960781072930106,-0.033445012,0.0298788401460767
10,Czechoslovakia,3,2,3,8,1960,16,0,914,0.0175054704595186,0.0749821282239202,-0.036724513,0.056253129472886
11,Romania,3,1,6,10,1960,17,0,914,0.0185995623632385,0.1381380069280918,-0.032482878,-0.008737718
12,Great Britain,2,6,12,20,1960,30,0,914,0.0328227571115973,-0.06192036,-0.031880806,-0.009741821
13,Denmark,2,3,1,6,1960,13,0,914,0.0142231947483588,0.11215174873682,-0.059377711,0.0395365798657709
14,New Zealand,2,0,1,3,1960,7,0,914,0.0076586433260393,0.0991513404046973,-0.003886849,0.0097812651250406
15,Bulgaria,1,3,3,7,1960,12,0,914,0.0131291028446389,0.0933639052482865,0.0060403658726689,-0.012116691
16,Sweden,1,2,3,6,1960,10,0,914,0.0109409190371991,0.0678301712724681,-0.015719948,0.0220085393768702
17,Finland,1,1,3,5,1960,8,0,914,0.0087527352297593,0.0687637573636961,0.0453412694394228,-0.030496104
18,Austria,1,1,0,2,1960,5,0,914,0.0054704595185995,0.1426373113008584,-0.072329556,0.0240571260583699
18,Yugoslavia,1,1,0,2,1960,5,0,914,0.0054704595185995,0.0853694851248009,-0.012944361,0.0515068632115274
20,Pakistan,1,0,1,2,1960,4,0,914,0.0043763676148796,-0.044496238,0.0428995127110449,0.0556258349103398
21,Ethiopia,1,0,0,1,1960,3,0,914,0.0032822757111597,0.0501833073817357,0.0377994327773924,0.0065221512437059
21,Greece,1,0,0,1,1960,3,0,914,0.0032822757111597,0.064844238365524,-0.031648542,-0.000569784
21,Norway,1,0,0,1,1960,3,0,914,0.0032822757111597,0.0736612564982121,0.0268687394913607,-0.030603601
24,Switzerland,0,3,3,6,1960,9,0,914,0.0098468271334792,0.0645047778662797,-0.042643872,0.0670263595359131
25,France,0,2,3,5,1960,7,0,914,0.0076586433260393,-0.007371037,-0.005794931,-0.00930495
26,Belgium,0,2,2,4,1960,6,0,914,0.0065645514223194,0.0999535450525768,-0.072116842,0.0394756734574606
27,Iran,0,1,3,4,1960,5,0,914,0.0054704595185995,0.0238295166639712,0.0229610738475428,0.0439875021982788
28,Netherlands,0,1,2,3,1960,4,0,914,0.0043763676148796,0.0326027226637719,0.0182504912085674,-0.013945041
28,South Africa,0,1,2,3,1960,4,0,914,0.0043763676148796,0.0097076475034568,-0.014002044,0.0208371289553415
30,Argentina,0,1,1,2,1960,3,0,914,0.0032822757111597,0.0377932089641432,-0.009101754,0.0501999133209208
30,Egypt,0,1,1,2,1960,3,0,914,0.0032822757111597,-0.011362303,0.0170307797201968,-0.019578094
32,Canada,0,1,0,1,1960,2,0,914,0.0021881838074398,0.0147731501056603,-0.004054787,0.0028425278416601
32,Formosa,0,1,0,1,1960,2,0,914,0.0021881838074398,0.0,0.0,0.0
32,Ghana,0,1,0,1,1960,2,0,914,0.0021881838074398,0.02241060568343,0.0350502596303638,0.0039971230831726
32,India,0,1,0,1,1960,2,0,914,0.0021881838074398,0.0354053868167537,0.0374176492799498,0.0175643905294755
32,Morocco,0,1,0,1,1960,2,0,914,0.0021881838074398,0.0572735364001462,-0.004840799,0.0265370076612803
32,Portugal,0,1,0,1,1960,2,0,914,0.0021881838074398,0.0502517307220905,0.0062580577956718,0.0442410827754413
32,Singapore,0,1,0,1,1960,2,0,914,0.0021881838074398,-0.029312439,0.0052517274344294,0.0842469383657985
39,Brazil,0,0,2,2,1960,2,0,914,0.0021881838074398,0.0474667852272042,0.0131828339023468,0.0570026670928254
39,British West Indies,0,0,2,2,1960,2,0,914,0.0021881838074398,0.0,0.0,0.0
41,Iraq,0,0,1,1,1960,1,0,914,0.0010940919037199,0.0,0.0,0.0
41,Mexico,0,0,1,1,1960,1,0,914,0.0010940919037199,-0.036453767,-0.033701709,-0.026782985
41,Spain,0,0,1,1,1960,1,0,914,0.0010940919037199,0.0523829915644519,-0.003431032,0.0516043365955357
41,Venezuela,0,0,1,1,1960,1,0,914,0.0010940919037199,0.0982120652382588,-0.009936818,0.018882609597689
1,United States,36,26,28,90,1964,188,0,997,0.1885656970912738,-0.018635704,-0.009878765,-0.005536997
2,Soviet Union,30,31,35,96,1964,187,0,997,0.1875626880641925,0.019355685452282,-0.166917418,-0.094159854
3,Japan,16,5,8,29,1964,66,1,997,0.066198595787362,0.0308954330278842,0.0076793706983338,-0.020519968
4,United Team of Germany,10,22,18,50,1964,92,0,997,0.0922768304914744,0.0,0.0,0.0
5,Italy,10,10,7,27,1964,57,0,997,0.0571715145436308,-0.028464728,0.000580383620461,0.0517707547535864
6,Hungary,10,7,5,22,1964,49,0,997,0.0491474423269809,0.081822948682144,-0.015298107,0.0298869241525155
7,Poland,7,6,10,23,1964,43,0,997,0.0431293881644934,0.0960781072930106,-0.033445012,0.0298788401460767
8,Australia,6,2,10,18,1964,32,0,997,0.0320962888665998,0.0593783761803394,0.0105979239956092,-0.017491077
9,Czechoslovakia,5,6,3,14,1964,30,0,997,0.0300902708124373,0.0749821282239202,-0.036724513,0.056253129472886
10,Great Britain,4,12,2,18,1964,38,0,997,0.0381143430290872,-0.06192036,-0.031880806,-0.009741821
11,Bulgaria,3,5,2,10,1964,21,0,997,0.0210631895687061,0.0933639052482865,0.0060403658726689,-0.012116691
12,Finland,3,0,2,5,1964,11,0,997,0.0110330992978936,0.0687637573636961,0.0453412694394228,-0.030496104
12,New Zealand,3,0,2,5,1964,11,0,997,0.0110330992978936,0.0991513404046973,-0.003886849,0.0097812651250406
14,Romania,2,4,6,12,1964,20,0,997,0.0200601805416248,0.1381380069280918,-0.032482878,-0.008737718
15,Netherlands,2,4,4,10,1964,18,0,997,0.0180541624874623,0.0326027226637719,0.0182504912085674,-0.013945041
16,Turkey,2,3,1,6,1964,13,0,997,0.0130391173520561,0.0348245838511438,0.0071872141261822,0.0390670382651637
17,Sweden,2,2,4,8,1964,14,0,997,0.0140421263791374,0.0678301712724681,-0.015719948,0.0220085393768702
18,Denmark,2,1,3,6,1964,11,0,997,0.0110330992978936,0.11215174873682,-0.059377711,0.0395365798657709
19,Yugoslavia,2,1,2,5,1964,10,0,997,0.0100300902708124,0.0853694851248009,-0.012944361,0.0515068632115274
20,Belgium,2,0,1,3,1964,7,0,997,0.0070210631895687,0.0999535450525768,-0.072116842,0.0394756734574606
21,France,1,8,6,15,1964,25,0,997,0.025075225677031,-0.007371037,-0.005794931,-0.00930495
22,Canada,1,2,1,4,1964,8,0,997,0.0080240722166499,0.0147731501056603,-0.004054787,0.0028425278416601
22,Switzerland,1,2,1,4,1964,8,0,997,0.0080240722166499,0.0645047778662797,-0.042643872,0.0670263595359131
24,Bahamas,1,0,0,1,1964,3,0,997,0.0030090270812437,0.0588599123419141,-0.010917959,0.0616733057440297
24,Ethiopia,1,0,0,1,1964,3,0,997,0.0030090270812437,0.0501833073817357,0.0377994327773924,0.0065221512437059
24,India,1,0,0,1,1964,3,0,997,0.0030090270812437,0.0354053868167537,0.0374176492799498,0.0175643905294755
27,South Korea,0,2,1,3,1964,5,0,997,0.0050150451354062,0.1299539397074564,-0.096731247,0.0460938076451412
28,Trinidad and Tobago,0,1,2,3,1964,4,0,997,0.0040120361083249,0.0485508378565269,-0.0326002,0.0571114635394481
29,Tunisia,0,1,1,2,1964,3,0,997,0.0030090270812437,0.0654829717458007,-0.022690087,0.0501545173104222
30,Argentina,0,1,0,1,1964,2,0,997,0.0020060180541624,0.0377932089641432,-0.009101754,0.0501999133209208
30,Cuba,0,1,0,1,1964,2,0,997,0.0020060180541624,0.1150892571363936,-0.012649172,-0.039939664
30,Pakistan,0,1,0,1,1964,2,0,997,0.0020060180541624,-0.044496238,0.0428995127110449,0.0556258349103398
30,Philippines,0,1,0,1,1964,2,0,997,0.0020060180541624,0.1125621440638615,0.0413774240570134,-0.04002275
34,Iran,0,0,2,2,1964,2,0,997,0.0020060180541624,0.0238295166639712,0.0229610738475428,0.0439875021982788
35,Brazil,0,0,1,1,1964,1,0,997,0.0010030090270812,0.0474667852272042,0.0131828339023468,0.0570026670928254
35,Ghana,0,0,1,1,1964,1,0,997,0.0010030090270812,0.02241060568343,0.0350502596303638,0.0039971230831726
35,Ireland,0,0,1,1,1964,1,0,997,0.0010030090270812,0.0043770977096089,0.0492732399711982,0.0361240253097746
35,Kenya,0,0,1,1,1964,1,0,997,0.0010030090270812,-0.020869328,-0.005983973,0.0143254487759907
35,Mexico,0,0,1,1,1964,1,0,997,0.0010030090270812,-0.036453767,-0.033701709,-0.026782985
35,Nigeria,0,0,1,1,1964,1,0,997,0.0010030090270812,0.0588066290734749,0.0090844331932762,0.0141666385594043
35,Uruguay,0,0,1,1,1964,1,0,997,0.0010030090270812,-0.007648627,0.0321630839059514,0.0383103151530274
1,United States,45,28,34,107,1968,225,0,1045,0.215311004784689,-0.018635704,-0.009878765,-0.005536997
2,Soviet Union,29,32,30,91,1968,181,0,1045,0.1732057416267942,0.019355685452282,-0.166917418,-0.094159854
3,Japan,11,7,7,25,1968,54,0,1045,0.0516746411483253,0.0308954330278842,0.0076793706983338,-0.020519968
4,Hungary,10,10,12,32,1968,62,0,1045,0.0593301435406698,0.081822948682144,-0.015298107,0.0298869241525155
5,East Germany,9,9,7,25,1968,52,0,1045,0.0497607655502392,0.2166333723281624,-0.012795974,-0.259261104
6,France,7,3,5,15,1968,32,0,1045,0.0306220095693779,-0.007371037,-0.005794931,-0.00930495
7,Czechoslovakia,7,2,4,13,1968,29,0,1045,0.0277511961722488,0.0749821282239202,-0.036724513,0.056253129472886
8,West Germany,5,11,10,26,1968,47,0,1045,0.0449760765550239,-0.039513987,0.1932056288316797,-0.044257035
9,Australia,5,7,5,17,1968,34,0,1045,0.0325358851674641,0.0593783761803394,0.0105979239956092,-0.017491077
10,Great Britain,5,5,3,13,1968,28,0,1045,0.0267942583732057,-0.06192036,-0.031880806,-0.009741821
11,Poland,5,2,11,18,1968,30,0,1045,0.0287081339712918,0.0960781072930106,-0.033445012,0.0298788401460767
12,Romania,4,6,5,15,1968,29,0,1045,0.0277511961722488,0.1381380069280918,-0.032482878,-0.008737718
13,Italy,3,4,9,16,1968,26,0,1045,0.0248803827751196,-0.028464728,0.000580383620461,0.0517707547535864
14,Kenya,3,4,2,9,1968,19,0,1045,0.0181818181818181,-0.020869328,-0.005983973,0.0143254487759907
15,Mexico,3,3,3,9,1968,18,1,1045,0.0172248803827751,-0.036453767,-0.033701709,-0.026782985
16,Yugoslavia,3,3,2,8,1968,17,0,1045,0.016267942583732,0.0853694851248009,-0.012944361,0.0515068632115274
17,Netherlands,3,3,1,7,1968,16,0,1045,0.0153110047846889,0.0326027226637719,0.0182504912085674,-0.013945041
18,Bulgaria,2,4,3,9,1968,17,0,1045,0.016267942583732,0.0933639052482865,0.0060403658726689,-0.012116691
19,Iran,2,1,2,5,1968,10,0,1045,0.0095693779904306,0.0238295166639712,0.0229610738475428,0.0439875021982788
20,Sweden,2,1,1,4,1968,9,0,1045,0.0086124401913875,0.0678301712724681,-0.015719948,0.0220085393768702
21,Turkey,2,0,0,2,1968,6,0,1045,0.0057416267942583,0.0348245838511438,0.0071872141261822,0.0390670382651637
22,Denmark,1,4,3,8,1968,14,0,1045,0.0133971291866028,0.11215174873682,-0.059377711,0.0395365798657709
23,Canada,1,3,1,5,1968,10,0,1045,0.0095693779904306,0.0147731501056603,-0.004054787,0.0028425278416601
24,Finland,1,2,1,4,1968,8,0,1045,0.0076555023923444,0.0687637573636961,0.0453412694394228,-0.030496104
25,Ethiopia,1,1,0,2,1968,5,0,1045,0.0047846889952153,0.0501833073817357,0.0377994327773924,0.0065221512437059
25,Norway,1,1,0,2,1968,5,0,1045,0.0047846889952153,0.0736612564982121,0.0268687394913607,-0.030603601
27,New Zealand,1,0,2,3,1968,5,0,1045,0.0047846889952153,0.0991513404046973,-0.003886849,0.0097812651250406
28,Tunisia,1,0,1,2,1968,4,0,1045,0.0038277511961722,0.0654829717458007,-0.022690087,0.0501545173104222
29,Pakistan,1,0,0,1,1968,3,0,1045,0.0028708133971291,-0.044496238,0.0428995127110449,0.0556258349103398
29,Venezuela,1,0,0,1,1968,3,0,1045,0.0028708133971291,0.0982120652382588,-0.009936818,0.018882609597689
31,Cuba,0,4,0,4,1968,8,0,1045,0.0076555023923444,0.1150892571363936,-0.012649172,-0.039939664
32,Austria,0,2,2,4,1968,6,0,1045,0.0057416267942583,0.1426373113008584,-0.072329556,0.0240571260583699
33,Switzerland,0,1,4,5,1968,6,0,1045,0.0057416267942583,0.0645047778662797,-0.042643872,0.0670263595359131
34,Mongolia,0,1,3,4,1968,5,0,1045,0.0047846889952153,0.0356543206119922,0.0040909768986558,0.038058462930323
35,Brazil,0,1,2,3,1968,4,0,1045,0.0038277511961722,0.0474667852272042,0.0131828339023468,0.0570026670928254
36,Belgium,0,1,1,2,1968,3,0,1045,0.0028708133971291,0.0999535450525768,-0.072116842,0.0394756734574606
36,South Korea,0,1,1,2,1968,3,0,1045,0.0028708133971291,0.1299539397074564,-0.096731247,0.0460938076451412
36,Uganda,0,1,1,2,1968,3,0,1045,0.0028708133971291,0.0952758899767234,-0.08244583,0.076982418418866
39,Cameroon,0,1,0,1,1968,2,0,1045,0.0019138755980861,0.2906221822213744,-0.144000571,-0.108229423
39,Jamaica,0,1,0,1,1968,2,0,1045,0.0019138755980861,0.0855338332575038,-0.021296139,0.0019865870098395
41,Argentina,0,0,2,2,1968,2,0,1045,0.0019138755980861,0.0377932089641432,-0.009101754,0.0501999133209208
42,Greece,0,0,1,1,1968,1,0,1045,0.000956937799043,0.064844238365524,-0.031648542,-0.000569784
42,India,0,0,1,1,1968,1,0,1045,0.000956937799043,0.0354053868167537,0.0374176492799498,0.0175643905294755
42,Taiwan,0,0,1,1,1968,1,0,1045,0.000956937799043,0.0,0.0,0.0
1,Soviet Union,50,27,22,99,1972,226,0,1185,0.190717299578059,0.019355685452282,-0.166917418,-0.094159854
2,United States,33,31,30,94,1972,191,0,1185,0.1611814345991561,-0.018635704,-0.009878765,-0.005536997
3,East Germany,20,23,23,66,1972,129,0,1185,0.1088607594936708,0.2166333723281624,-0.012795974,-0.259261104
4,West Germany,13,11,16,40,1972,77,1,1185,0.0649789029535864,-0.039513987,0.1932056288316797,-0.044257035
5,Japan,13,8,8,29,1972,63,0,1185,0.0531645569620253,0.0308954330278842,0.0076793706983338,-0.020519968
6,Australia,8,7,2,17,1972,40,0,1185,0.0337552742616033,0.0593783761803394,0.0105979239956092,-0.017491077
7,Poland,7,5,9,21,1972,40,0,1185,0.0337552742616033,0.0960781072930106,-0.033445012,0.0298788401460767
8,Hungary,6,13,16,35,1972,60,0,1185,0.050632911392405,0.081822948682144,-0.015298107,0.0298869241525155
9,Bulgaria,6,10,5,21,1972,43,0,1185,0.0362869198312236,0.0933639052482865,0.0060403658726689,-0.012116691
10,Italy,5,3,10,18,1972,31,0,1185,0.0261603375527426,-0.028464728,0.000580383620461,0.0517707547535864
11,Sweden,4,6,6,16,1972,30,0,1185,0.0253164556962025,0.0678301712724681,-0.015719948,0.0220085393768702
12,Great Britain,4,5,9,18,1972,31,0,1185,0.0261603375527426,-0.06192036,-0.031880806,-0.009741821
13,Romania,3,6,7,16,1972,28,0,1185,0.0236286919831223,0.1381380069280918,-0.032482878,-0.008737718
14,Cuba,3,1,4,8,1972,15,0,1185,0.0126582278481012,0.1150892571363936,-0.012649172,-0.039939664
14,Finland,3,1,4,8,1972,15,0,1185,0.0126582278481012,0.0687637573636961,0.0453412694394228,-0.030496104
16,Netherlands,3,1,1,5,1972,12,0,1185,0.010126582278481,0.0326027226637719,0.0182504912085674,-0.013945041
17,France,2,4,7,13,1972,21,0,1185,0.0177215189873417,-0.007371037,-0.005794931,-0.00930495
18,Czechoslovakia,2,4,2,8,1972,16,0,1185,0.0135021097046413,0.0749821282239202,-0.036724513,0.056253129472886
19,Kenya,2,3,4,9,1972,16,0,1185,0.0135021097046413,-0.020869328,-0.005983973,0.0143254487759907
20,Yugoslavia,2,1,2,5,1972,10,0,1185,0.0084388185654008,0.0853694851248009,-0.012944361,0.0515068632115274
21,Norway,2,1,1,4,1972,9,0,1185,0.0075949367088607,0.0736612564982121,0.0268687394913607,-0.030603601
22,North Korea,1,1,3,5,1972,8,0,1185,0.0067510548523206,0.1003192821811706,-0.077190182,0.0701035846888015
23,New Zealand,1,1,1,3,1972,6,0,1185,0.0050632911392405,0.0991513404046973,-0.003886849,0.0097812651250406
24,Uganda,1,1,0,2,1972,5,0,1185,0.0042194092827004,0.0952758899767234,-0.08244583,0.076982418418866
25,Denmark,1,0,0,1,1972,3,0,1185,0.0025316455696202,0.11215174873682,-0.059377711,0.0395365798657709
26,Switzerland,0,3,0,3,1972,6,0,1185,0.0050632911392405,0.0645047778662797,-0.042643872,0.0670263595359131
27,Canada,0,2,3,5,1972,7,0,1185,0.0059071729957805,0.0147731501056603,-0.004054787,0.0028425278416601
28,Iran,0,2,1,3,1972,5,0,1185,0.0042194092827004,0.0238295166639712,0.0229610738475428,0.0439875021982788
29,Belgium,0,2,0,2,1972,4,0,1185,0.0033755274261603,0.0999535450525768,-0.072116842,0.0394756734574606
29,Greece,0,2,0,2,1972,4,0,1185,0.0033755274261603,0.064844238365524,-0.031648542,-0.000569784
31,Austria,0,1,2,3,1972,4,0,1185,0.0033755274261603,0.1426373113008584,-0.072329556,0.0240571260583699
31,Colombia,0,1,2,3,1972,4,0,1185,0.0033755274261603,0.1484936336468682,-0.135378614,0.1076244483216264
33,Argentina,0,1,0,1,1972,2,0,1185,0.0016877637130801,0.0377932089641432,-0.009101754,0.0501999133209208
33,Lebanon,0,1,0,1,1972,2,0,1185,0.0016877637130801,0.0,0.0,0.0
33,Mexico,0,1,0,1,1972,2,0,1185,0.0016877637130801,-0.036453767,-0.033701709,-0.026782985
33,Mongolia,0,1,0,1,1972,2,0,1185,0.0016877637130801,0.0356543206119922,0.0040909768986558,0.038058462930323
33,Pakistan,0,1,0,1,1972,2,0,1185,0.0016877637130801,-0.044496238,0.0428995127110449,0.0556258349103398
33,South Korea,0,1,0,1,1972,2,0,1185,0.0016877637130801,0.1299539397074564,-0.096731247,0.0460938076451412
33,Tunisia,0,1,0,1,1972,2,0,1185,0.0016877637130801,0.0654829717458007,-0.022690087,0.0501545173104222
33,Turkey,0,1,0,1,1972,2,0,1185,0.0016877637130801,0.0348245838511438,0.0071872141261822,0.0390670382651637
41,Brazil,0,0,2,2,1972,2,0,1185,0.0016877637130801,0.0474667852272042,0.0131828339023468,0.0570026670928254
41,Ethiopia,0,0,2,2,1972,2,0,1185,0.0016877637130801,0.0501833073817357,0.0377994327773924,0.0065221512437059
43,Ghana,0,0,1,1,1972,1,0,1185,0.00084388185654,0.02241060568343,0.0350502596303638,0.0039971230831726
43,India,0,0,1,1,1972,1,0,1185,0.00084388185654,0.0354053868167537,0.0374176492799498,0.0175643905294755
43,Jamaica,0,0,1,1,1972,1,0,1185,0.00084388185654,0.0855338332575038,-0.021296139,0.0019865870098395
43,Niger,0,0,1,1,1972,1,0,1185,0.00084388185654,0.0,0.0,0.0
43,Nigeria,0,0,1,1,1972,1,0,1185,0.00084388185654,0.0588066290734749,0.0090844331932762,0.0141666385594043
43,Spain,0,0,1,1,1972,1,0,1185,0.00084388185654,0.0523829915644519,-0.003431032,0.0516043365955357
1,Soviet Union,49,41,35,125,1976,264,0,1208,0.2185430463576159,0.019355685452282,-0.166917418,-0.094159854
2,East Germany,40,25,25,90,1976,195,0,1208,0.1614238410596026,0.2166333723281624,-0.012795974,-0.259261104
3,United States,34,35,25,94,1976,197,0,1208,0.1630794701986755,-0.018635704,-0.009878765,-0.005536997
4,West Germany,10,12,17,39,1976,71,0,1208,0.058774834437086,-0.039513987,0.1932056288316797,-0.044257035
5,Japan,9,6,10,25,1976,49,0,1208,0.0405629139072847,0.0308954330278842,0.0076793706983338,-0.020519968
6,Poland,7,6,13,26,1976,46,0,1208,0.0380794701986755,0.0960781072930106,-0.033445012,0.0298788401460767
7,Bulgaria,6,9,7,22,1976,43,0,1208,0.0355960264900662,0.0933639052482865,0.0060403658726689,-0.012116691
8,Cuba,6,4,3,13,1976,29,0,1208,0.0240066225165562,0.1150892571363936,-0.012649172,-0.039939664
9,Romania,4,9,14,27,1976,44,0,1208,0.0364238410596026,0.1381380069280918,-0.032482878,-0.008737718
10,Hungary,4,5,13,22,1976,35,0,1208,0.0289735099337748,0.081822948682144,-0.015298107,0.0298869241525155
11,Finland,4,2,0,6,1976,16,0,1208,0.0132450331125827,0.0687637573636961,0.0453412694394228,-0.030496104
12,Sweden,4,1,0,5,1976,14,0,1208,0.0115894039735099,0.0678301712724681,-0.015719948,0.0220085393768702
13,Great Britain,3,5,5,13,1976,24,0,1208,0.0198675496688741,-0.06192036,-0.031880806,-0.009741821
14,Italy,2,7,4,13,1976,24,0,1208,0.0198675496688741,-0.028464728,0.000580383620461,0.0517707547535864
15,France,2,3,4,9,1976,16,0,1208,0.0132450331125827,-0.007371037,-0.005794931,-0.00930495
16,Yugoslavia,2,3,3,8,1976,15,0,1208,0.0124172185430463,0.0853694851248009,-0.012944361,0.0515068632115274
17,Czechoslovakia,2,2,4,8,1976,14,0,1208,0.0115894039735099,0.0749821282239202,-0.036724513,0.056253129472886
18,New Zealand,2,1,1,4,1976,9,0,1208,0.0074503311258278,0.0991513404046973,-0.003886849,0.0097812651250406
19,South Korea,1,1,4,6,1976,9,0,1208,0.0074503311258278,0.1299539397074564,-0.096731247,0.0460938076451412
20,Switzerland,1,1,2,4,1976,7,0,1208,0.0057947019867549,0.0645047778662797,-0.042643872,0.0670263595359131
21,Jamaica,1,1,0,2,1976,5,0,1208,0.0041390728476821,0.0855338332575038,-0.021296139,0.0019865870098395
21,North Korea,1,1,0,2,1976,5,0,1208,0.0041390728476821,0.1003192821811706,-0.077190182,0.0701035846888015
21,Norway,1,1,0,2,1976,5,0,1208,0.0041390728476821,0.0736612564982121,0.0268687394913607,-0.030603601
24,Denmark,1,0,2,3,1976,5,0,1208,0.0041390728476821,0.11215174873682,-0.059377711,0.0395365798657709
25,Mexico,1,0,1,2,1976,4,0,1208,0.0033112582781456,-0.036453767,-0.033701709,-0.026782985
26,Trinidad and Tobago,1,0,0,1,1976,3,0,1208,0.0024834437086092,0.0485508378565269,-0.0326002,0.0571114635394481
27,Canada,0,5,6,11,1976,16,1,1208,0.0132450331125827,0.0147731501056603,-0.004054787,0.0028425278416601
28,Belgium,0,3,3,6,1976,9,0,1208,0.0074503311258278,0.0999535450525768,-0.072116842,0.0394756734574606
29,Netherlands,0,2,3,5,1976,7,0,1208,0.0057947019867549,0.0326027226637719,0.0182504912085674,-0.013945041
30,Portugal,0,2,0,2,1976,4,0,1208,0.0033112582781456,0.0502517307220905,0.0062580577956718,0.0442410827754413
30,Spain,0,2,0,2,1976,4,0,1208,0.0033112582781456,0.0523829915644519,-0.003431032,0.0516043365955357
32,Australia,0,1,4,5,1976,6,0,1208,0.0049668874172185,0.0593783761803394,0.0105979239956092,-0.017491077
33,Iran,0,1,1,2,1976,3,0,1208,0.0024834437086092,0.0238295166639712,0.0229610738475428,0.0439875021982788
34,Mongolia,0,1,0,1,1976,2,0,1208,0.0016556291390728,0.0356543206119922,0.0040909768986558,0.038058462930323
34,Venezuela,0,1,0,1,1976,2,0,1208,0.0016556291390728,0.0982120652382588,-0.009936818,0.018882609597689
36,Brazil,0,0,2,2,1976,2,0,1208,0.0016556291390728,0.0474667852272042,0.0131828339023468,0.0570026670928254
37,Austria,0,0,1,1,1976,1,0,1208,0.0008278145695364,0.1426373113008584,-0.072329556,0.0240571260583699
37,Bermuda,0,0,1,1,1976,1,0,1208,0.0008278145695364,0.0,0.0,0.0
37,Pakistan,0,0,1,1,1976,1,0,1208,0.0008278145695364,-0.044496238,0.0428995127110449,0.0556258349103398
37,Puerto Rico,0,0,1,1,1976,1,0,1208,0.0008278145695364,0.0333449017498307,0.0077939908203272,0.0451754467957053
37,Thailand,0,0,1,1,1976,1,0,1208,0.0008278145695364,0.0754294831511271,0.0112659804556027,-0.044224613
1,Soviet Union,80,69,46,195,1980,424,1,1243,0.3411102172164119,0.019355685452282,-0.166917418,-0.094159854
2,East Germany,47,37,42,126,1980,257,0,1243,0.2067578439259855,0.2166333723281624,-0.012795974,-0.259261104
3,Bulgaria,8,16,17,41,1980,73,0,1243,0.0587288817377312,0.0933639052482865,0.0060403658726689,-0.012116691
4,Cuba,8,7,5,20,1980,43,0,1243,0.0345937248592115,0.1150892571363936,-0.012649172,-0.039939664
5,Italy,8,3,4,15,1980,34,0,1243,0.0273531777956556,-0.028464728,0.000580383620461,0.0517707547535864
6,Hungary,7,10,15,32,1980,56,0,1243,0.0450522928399034,0.081822948682144,-0.015298107,0.0298869241525155
7,Romania,6,6,13,25,1980,43,0,1243,0.0345937248592115,0.1381380069280918,-0.032482878,-0.008737718
8,France,6,5,3,14,1980,31,0,1243,0.0249396621078037,-0.007371037,-0.005794931,-0.00930495
9,Great Britain,5,7,9,21,1980,38,0,1243,0.0305711987127916,-0.06192036,-0.031880806,-0.009741821
10,Poland,3,14,15,32,1980,52,0,1243,0.0418342719227675,0.0960781072930106,-0.033445012,0.0298788401460767
11,Sweden,3,3,6,12,1980,21,0,1243,0.0168946098149637,0.0678301712724681,-0.015719948,0.0220085393768702
12,Finland,3,1,4,8,1980,15,0,1243,0.0120675784392598,0.0687637573636961,0.0453412694394228,-0.030496104
13,Czechoslovakia,2,3,9,14,1980,21,0,1243,0.0168946098149637,0.0749821282239202,-0.036724513,0.056253129472886
14,Yugoslavia,2,3,4,9,1980,16,0,1243,0.0128720836685438,0.0853694851248009,-0.012944361,0.0515068632115274
15,Australia,2,2,5,9,1980,15,0,1243,0.0120675784392598,0.0593783761803394,0.0105979239956092,-0.017491077
16,Denmark,2,1,2,5,1980,10,0,1243,0.0080450522928399,0.11215174873682,-0.059377711,0.0395365798657709
17,Brazil,2,0,2,4,1980,8,0,1243,0.0064360418342719,0.0474667852272042,0.0131828339023468,0.0570026670928254
17,Ethiopia,2,0,2,4,1980,8,0,1243,0.0064360418342719,0.0501833073817357,0.0377994327773924,0.0065221512437059
19,Switzerland,2,0,0,2,1980,6,0,1243,0.0048270313757039,0.0645047778662797,-0.042643872,0.0670263595359131
20,Spain,1,3,2,6,1980,11,0,1243,0.0088495575221238,0.0523829915644519,-0.003431032,0.0516043365955357
21,Austria,1,2,1,4,1980,8,0,1243,0.0064360418342719,0.1426373113008584,-0.072329556,0.0240571260583699
22,Greece,1,0,2,3,1980,5,0,1243,0.0040225261464199,0.064844238365524,-0.031648542,-0.000569784
23,Belgium,1,0,0,1,1980,3,0,1243,0.0024135156878519,0.0999535450525768,-0.072116842,0.0394756734574606
23,India,1,0,0,1,1980,3,0,1243,0.0024135156878519,0.0354053868167537,0.0374176492799498,0.0175643905294755
23,Zimbabwe,1,0,0,1,1980,3,0,1243,0.0024135156878519,0.0,0.0,0.0
26,North Korea,0,3,2,5,1980,8,0,1243,0.0064360418342719,0.1003192821811706,-0.077190182,0.0701035846888015
27,Mongolia,0,2,2,4,1980,6,0,1243,0.0048270313757039,0.0356543206119922,0.0040909768986558,0.038058462930323
28,Tanzania,0,2,0,2,1980,4,0,1243,0.0032180209171359,0.0,0.0,0.0
29,Mexico,0,1,3,4,1980,5,0,1243,0.0040225261464199,-0.036453767,-0.033701709,-0.026782985
30,Netherlands,0,1,2,3,1980,4,0,1243,0.0032180209171359,0.0326027226637719,0.0182504912085674,-0.013945041
31,Ireland,0,1,1,2,1980,3,0,1243,0.0024135156878519,0.0043770977096089,0.0492732399711982,0.0361240253097746
32,Uganda,0,1,0,1,1980,2,0,1243,0.0016090104585679,0.0952758899767234,-0.08244583,0.076982418418866
32,Venezuela,0,1,0,1,1980,2,0,1243,0.0016090104585679,0.0982120652382588,-0.009936818,0.018882609597689
34,Jamaica,0,0,3,3,1980,3,0,1243,0.0024135156878519,0.0855338332575038,-0.021296139,0.0019865870098395
35,Guyana,0,0,1,1,1980,1,0,1243,0.0008045052292839,0.0,0.0,0.0
35,Lebanon,0,0,1,1,1980,1,0,1243,0.0008045052292839,0.0,0.0,0.0
1,United States,83,61,30,174,1984,401,1,1359,0.2950699043414275,-0.018635704,-0.009878765,-0.005536997
2,Romania,20,16,17,53,1984,109,0,1359,0.0802060338484179,0.1381380069280918,-0.032482878,-0.008737718
3,West Germany,17,19,23,59,1984,112,0,1359,0.0824135393671817,-0.039513987,0.1932056288316797,-0.044257035
4,China,15,8,9,32,1984,70,0,1359,0.0515084621044885,0.0349212185750656,-0.010283681,0.0244934903795986
5,Italy,14,6,12,32,1984,66,0,1359,0.0485651214128035,-0.028464728,0.000580383620461,0.0517707547535864
6,Canada,10,18,16,44,1984,82,0,1359,0.0603384841795437,0.0147731501056603,-0.004054787,0.0028425278416601
7,Japan,10,8,14,32,1984,60,0,1359,0.0441501103752759,0.0308954330278842,0.0076793706983338,-0.020519968
8,New Zealand,8,1,2,11,1984,28,0,1359,0.0206033848417954,0.0991513404046973,-0.003886849,0.0097812651250406
9,Yugoslavia,7,4,7,18,1984,36,0,1359,0.0264900662251655,0.0853694851248009,-0.012944361,0.0515068632115274
10,South Korea,6,6,7,19,1984,37,0,1359,0.0272259013980868,0.1299539397074564,-0.096731247,0.0460938076451412
11,Great Britain,5,11,21,37,1984,58,0,1359,0.0426784400294334,-0.06192036,-0.031880806,-0.009741821
12,France,5,7,16,28,1984,45,0,1359,0.0331125827814569,-0.007371037,-0.005794931,-0.00930495
13,Netherlands,5,2,6,13,1984,25,0,1359,0.0183958793230316,0.0326027226637719,0.0182504912085674,-0.013945041
14,Australia,4,8,12,24,1984,40,0,1359,0.0294334069168506,0.0593783761803394,0.0105979239956092,-0.017491077
15,Finland,4,2,6,12,1984,22,0,1359,0.0161883738042678,0.0687637573636961,0.0453412694394228,-0.030496104
16,Sweden,2,11,6,19,1984,34,0,1359,0.025018395879323,0.0678301712724681,-0.015719948,0.0220085393768702
17,Mexico,2,3,1,6,1984,13,0,1359,0.0095658572479764,-0.036453767,-0.033701709,-0.026782985
18,Morocco,2,0,0,2,1984,6,0,1359,0.0044150110375275,0.0572735364001462,-0.004840799,0.0265370076612803
19,Brazil,1,5,2,8,1984,15,0,1359,0.0110375275938189,0.0474667852272042,0.0131828339023468,0.0570026670928254
20,Spain,1,2,2,5,1984,9,0,1359,0.0066225165562913,0.0523829915644519,-0.003431032,0.0516043365955357
21,Belgium,1,1,2,4,1984,7,0,1359,0.0051508462104488,0.0999535450525768,-0.072116842,0.0394756734574606
22,Austria,1,1,1,3,1984,6,0,1359,0.0044150110375275,0.1426373113008584,-0.072329556,0.0240571260583699
23,Kenya,1,0,2,3,1984,5,0,1359,0.0036791758646063,-0.020869328,-0.005983973,0.0143254487759907
23,Portugal,1,0,2,3,1984,5,0,1359,0.0036791758646063,0.0502517307220905,0.0062580577956718,0.0442410827754413
25,Pakistan,1,0,0,1,1984,3,0,1359,0.0022075055187637,-0.044496238,0.0428995127110449,0.0556258349103398
26,Switzerland,0,4,4,8,1984,12,0,1359,0.0088300220750551,0.0645047778662797,-0.042643872,0.0670263595359131
27,Denmark,0,3,3,6,1984,9,0,1359,0.0066225165562913,0.11215174873682,-0.059377711,0.0395365798657709
28,Jamaica,0,1,2,3,1984,4,0,1359,0.002943340691685,0.0855338332575038,-0.021296139,0.0019865870098395
28,Norway,0,1,2,3,1984,4,0,1359,0.002943340691685,0.0736612564982121,0.0268687394913607,-0.030603601
30,Greece,0,1,1,2,1984,3,0,1359,0.0022075055187637,0.064844238365524,-0.031648542,-0.000569784
30,Nigeria,0,1,1,2,1984,3,0,1359,0.0022075055187637,0.0588066290734749,0.0090844331932762,0.0141666385594043
30,Puerto Rico,0,1,1,2,1984,3,0,1359,0.0022075055187637,0.0333449017498307,0.0077939908203272,0.0451754467957053
33,Colombia,0,1,0,1,1984,2,0,1359,0.0014716703458425,0.1484936336468682,-0.135378614,0.1076244483216264
33,Egypt,0,1,0,1,1984,2,0,1359,0.0014716703458425,-0.011362303,0.0170307797201968,-0.019578094
33,Ireland,0,1,0,1,1984,2,0,1359,0.0014716703458425,0.0043770977096089,0.0492732399711982,0.0361240253097746
33,Ivory Coast,0,1,0,1,1984,2,0,1359,0.0014716703458425,0.0,0.0,0.0
33,Peru,0,1,0,1,1984,2,0,1359,0.0014716703458425,-0.000488819,-0.001099503,0.0350495765136951
33,Syria,0,1,0,1,1984,2,0,1359,0.0014716703458425,0.0,0.0,0.0
33,Thailand,0,1,0,1,1984,2,0,1359,0.0014716703458425,0.0754294831511271,0.0112659804556027,-0.044224613
40,Turkey,0,0,3,3,1984,3,0,1359,0.0022075055187637,0.0348245838511438,0.0071872141261822,0.0390670382651637
40,Venezuela,0,0,3,3,1984,3,0,1359,0.0022075055187637,0.0982120652382588,-0.009936818,0.018882609597689
42,Algeria,0,0,2,2,1984,2,0,1359,0.0014716703458425,0.105674162807873,-0.062907429,0.0465656448550214
43,Cameroon,0,0,1,1,1984,1,0,1359,0.0007358351729212,0.2906221822213744,-0.144000571,-0.108229423
43,Chinese Taipei,0,0,1,1,1984,1,0,1359,0.0007358351729212,0.0799537392253963,-0.067888814,0.1200063996829422
43,Dominican Republic,0,0,1,1,1984,1,0,1359,0.0007358351729212,-0.001958229,0.0244336109896024,0.0942347767941562
43,Iceland,0,0,1,1,1984,1,0,1359,0.0007358351729212,0.0,0.0,0.0
43,Zambia,0,0,1,1,1984,1,0,1359,0.0007358351729212,0.0,0.0,0.0
1,Soviet Union,55,31,46,132,1988,273,0,1455,0.1876288659793814,0.019355685452282,-0.166917418,-0.094159854
2,East Germany,37,35,30,102,1988,211,0,1455,0.1450171821305842,0.2166333723281624,-0.012795974,-0.259261104
3,United States,36,31,27,94,1988,197,0,1455,0.1353951890034364,-0.018635704,-0.009878765,-0.005536997
4,South Korea,12,10,11,33,1988,67,1,1455,0.0460481099656357,0.1299539397074564,-0.096731247,0.0460938076451412
5,West Germany,11,14,15,40,1988,76,0,1455,0.052233676975945,-0.039513987,0.1932056288316797,-0.044257035
6,Hungary,11,6,6,23,1988,51,0,1455,0.0350515463917525,0.081822948682144,-0.015298107,0.0298869241525155
7,Bulgaria,10,12,13,35,1988,67,0,1455,0.0460481099656357,0.0933639052482865,0.0060403658726689,-0.012116691
8,Romania,7,11,6,24,1988,49,0,1455,0.0336769759450171,0.1381380069280918,-0.032482878,-0.008737718
9,France,6,4,6,16,1988,32,0,1455,0.0219931271477663,-0.007371037,-0.005794931,-0.00930495
10,Italy,6,4,4,14,1988,30,0,1455,0.0206185567010309,-0.028464728,0.000580383620461,0.0517707547535864
11,China,5,11,12,28,1988,49,0,1455,0.0336769759450171,0.0349212185750656,-0.010283681,0.0244934903795986
12,Great Britain,5,10,9,24,1988,44,0,1455,0.0302405498281786,-0.06192036,-0.031880806,-0.009741821
13,Kenya,5,2,2,9,1988,21,0,1455,0.0144329896907216,-0.020869328,-0.005983973,0.0143254487759907
14,Japan,4,3,7,14,1988,25,0,1455,0.0171821305841924,0.0308954330278842,0.0076793706983338,-0.020519968
15,Australia,3,6,5,14,1988,26,0,1455,0.0178694158075601,0.0593783761803394,0.0105979239956092,-0.017491077
16,Yugoslavia,3,4,5,12,1988,22,0,1455,0.0151202749140893,0.0853694851248009,-0.012944361,0.0515068632115274
17,Czechoslovakia,3,3,2,8,1988,17,0,1455,0.0116838487972508,0.0749821282239202,-0.036724513,0.056253129472886
18,New Zealand,3,2,8,13,1988,21,0,1455,0.0144329896907216,0.0991513404046973,-0.003886849,0.0097812651250406
19,Canada,3,2,5,10,1988,18,0,1455,0.0123711340206185,0.0147731501056603,-0.004054787,0.0028425278416601
20,Poland,2,5,9,16,1988,25,0,1455,0.0171821305841924,0.0960781072930106,-0.033445012,0.0298788401460767
21,Norway,2,3,0,5,1988,12,0,1455,0.0082474226804123,0.0736612564982121,0.0268687394913607,-0.030603601
22,Netherlands,2,2,5,9,1988,15,0,1455,0.0103092783505154,0.0326027226637719,0.0182504912085674,-0.013945041
23,Denmark,2,1,1,4,1988,9,0,1455,0.0061855670103092,0.11215174873682,-0.059377711,0.0395365798657709
24,Brazil,1,2,3,6,1988,10,0,1455,0.0068728522336769,0.0474667852272042,0.0131828339023468,0.0570026670928254
25,Finland,1,1,2,4,1988,7,0,1455,0.0048109965635738,0.0687637573636961,0.0453412694394228,-0.030496104
25,Spain,1,1,2,4,1988,7,0,1455,0.0048109965635738,0.0523829915644519,-0.003431032,0.0516043365955357
27,Turkey,1,1,0,2,1988,5,0,1455,0.0034364261168384,0.0348245838511438,0.0071872141261822,0.0390670382651637
28,Morocco,1,0,2,3,1988,5,0,1455,0.0034364261168384,0.0572735364001462,-0.004840799,0.0265370076612803
29,Austria,1,0,0,1,1988,3,0,1455,0.002061855670103,0.1426373113008584,-0.072329556,0.0240571260583699
29,Portugal,1,0,0,1,1988,3,0,1455,0.002061855670103,0.0502517307220905,0.0062580577956718,0.0442410827754413
29,Suriname,1,0,0,1,1988,3,0,1455,0.002061855670103,0.0,0.0,0.0
32,Sweden,0,4,7,11,1988,15,0,1455,0.0103092783505154,0.0678301712724681,-0.015719948,0.0220085393768702
33,Switzerland,0,2,2,4,1988,6,0,1455,0.0041237113402061,0.0645047778662797,-0.042643872,0.0670263595359131
34,Jamaica,0,2,0,2,1988,4,0,1455,0.0027491408934707,0.0855338332575038,-0.021296139,0.0019865870098395
35,Argentina,0,1,1,2,1988,3,0,1455,0.002061855670103,0.0377932089641432,-0.009101754,0.0501999133209208
36,Chile,0,1,0,1,1988,2,0,1455,0.0013745704467353,0.0061582518953526,-0.003767427,0.0468435264192354
36,Costa Rica,0,1,0,1,1988,2,0,1455,0.0013745704467353,0.0,0.0,0.0
36,Indonesia,0,1,0,1,1988,2,0,1455,0.0013745704467353,0.0325525821731489,0.0679903256525186,-0.011363667
36,Iran,0,1,0,1,1988,2,0,1455,0.0013745704467353,0.0238295166639712,0.0229610738475428,0.0439875021982788
36,Netherlands Antilles,0,1,0,1,1988,2,0,1455,0.0013745704467353,0.0,0.0,0.0
36,Peru,0,1,0,1,1988,2,0,1455,0.0013745704467353,-0.000488819,-0.001099503,0.0350495765136951
36,Senegal,0,1,0,1,1988,2,0,1455,0.0013745704467353,0.0,0.0,0.0
36,Virgin Islands,0,1,0,1,1988,2,0,1455,0.0013745704467353,0.0,0.0,0.0
44,Belgium,0,0,2,2,1988,2,0,1455,0.0013745704467353,0.0999535450525768,-0.072116842,0.0394756734574606
44,Mexico,0,0,2,2,1988,2,0,1455,0.0013745704467353,-0.036453767,-0.033701709,-0.026782985
46,Colombia,0,0,1,1,1988,1,0,1455,0.0006872852233676,0.1484936336468682,-0.135378614,0.1076244483216264
46,Djibouti,0,0,1,1,1988,1,0,1455,0.0006872852233676,0.0,0.0,0.0
46,Greece,0,0,1,1,1988,1,0,1455,0.0006872852233676,0.064844238365524,-0.031648542,-0.000569784
46,Mongolia,0,0,1,1,1988,1,0,1455,0.0006872852233676,0.0356543206119922,0.0040909768986558,0.038058462930323
46,Pakistan,0,0,1,1,1988,1,0,1455,0.0006872852233676,-0.044496238,0.0428995127110449,0.0556258349103398
46,Philippines,0,0,1,1,1988,1,0,1455,0.0006872852233676,0.1125621440638615,0.0413774240570134,-0.04002275
46,Thailand,0,0,1,1,1988,1,0,1455,0.0006872852233676,0.0754294831511271,0.0112659804556027,-0.044224613
1,Unified Team,45,38,29,112,1992,240,0,1592,0.1507537688442211,0.0,0.0,0.0
2,United States,37,34,37,108,1992,216,0,1592,0.135678391959799,-0.018635704,-0.009878765,-0.005536997
3,Germany,33,21,28,82,1992,169,0,1592,0.1061557788944723,0.0037464236304567,0.054508500406284,0.0294116358445334
4,China,16,22,16,54,1992,108,0,1592,0.0678391959798995,0.0349212185750656,-0.010283681,0.0244934903795986
5,Cuba,14,6,11,31,1992,65,0,1592,0.0408291457286432,0.1150892571363936,-0.012649172,-0.039939664
6,Spain,13,7,2,22,1992,55,1,1592,0.0345477386934673,0.0523829915644519,-0.003431032,0.0516043365955357
7,South Korea,12,5,12,29,1992,58,0,1592,0.0364321608040201,0.1299539397074564,-0.096731247,0.0460938076451412
8,Hungary,11,12,7,30,1992,64,0,1592,0.0402010050251256,0.081822948682144,-0.015298107,0.0298869241525155
9,France,8,5,16,29,1992,50,0,1592,0.0314070351758793,-0.007371037,-0.005794931,-0.00930495
10,Australia,7,9,11,27,1992,50,0,1592,0.0314070351758793,0.0593783761803394,0.0105979239956092,-0.017491077
11,Canada,7,4,7,18,1992,36,0,1592,0.0226130653266331,0.0147731501056603,-0.004054787,0.0028425278416601
12,Italy,6,5,8,19,1992,36,0,1592,0.0226130653266331,-0.028464728,0.000580383620461,0.0517707547535864
13,Great Britain,5,3,12,20,1992,33,0,1592,0.0207286432160804,-0.06192036,-0.031880806,-0.009741821
14,Romania,4,6,8,18,1992,32,0,1592,0.0201005025125628,0.1381380069280918,-0.032482878,-0.008737718
15,Czechoslovakia,4,2,1,7,1992,17,0,1592,0.0106783919597989,0.0749821282239202,-0.036724513,0.056253129472886
16,North Korea,4,0,5,9,1992,17,0,1592,0.0106783919597989,0.1003192821811706,-0.077190182,0.0701035846888015
17,Japan,3,8,11,22,1992,36,0,1592,0.0226130653266331,0.0308954330278842,0.0076793706983338,-0.020519968
18,Bulgaria,3,7,6,16,1992,29,0,1592,0.01821608040201,0.0933639052482865,0.0060403658726689,-0.012116691
19,Poland,3,6,10,19,1992,31,0,1592,0.0194723618090452,0.0960781072930106,-0.033445012,0.0298788401460767
20,Netherlands,2,6,7,15,1992,25,0,1592,0.0157035175879396,0.0326027226637719,0.0182504912085674,-0.013945041
21,Kenya,2,4,2,8,1992,16,0,1592,0.0100502512562814,-0.020869328,-0.005983973,0.0143254487759907
22,Norway,2,4,1,7,1992,15,0,1592,0.0094221105527638,0.0736612564982121,0.0268687394913607,-0.030603601
23,Turkey,2,2,2,6,1992,12,0,1592,0.007537688442211,0.0348245838511438,0.0071872141261822,0.0390670382651637
24,Indonesia,2,2,1,5,1992,11,0,1592,0.0069095477386934,0.0325525821731489,0.0679903256525186,-0.011363667
25,Brazil,2,1,0,3,1992,8,0,1592,0.0050251256281407,0.0474667852272042,0.0131828339023468,0.0570026670928254
26,Greece,2,0,0,2,1992,6,0,1592,0.0037688442211055,0.064844238365524,-0.031648542,-0.000569784
27,Sweden,1,7,4,12,1992,21,0,1592,0.0131909547738693,0.0678301712724681,-0.015719948,0.0220085393768702
28,New Zealand,1,4,5,10,1992,16,0,1592,0.0100502512562814,0.0991513404046973,-0.003886849,0.0097812651250406
29,Finland,1,2,2,5,1992,9,0,1592,0.0056532663316582,0.0687637573636961,0.0453412694394228,-0.030496104
30,Denmark,1,1,4,6,1992,9,0,1592,0.0056532663316582,0.11215174873682,-0.059377711,0.0395365798657709
31,Morocco,1,1,1,3,1992,6,0,1592,0.0037688442211055,0.0572735364001462,-0.004840799,0.0265370076612803
32,Ireland,1,1,0,2,1992,5,0,1592,0.0031407035175879,0.0043770977096089,0.0492732399711982,0.0361240253097746
33,Ethiopia,1,0,2,3,1992,5,0,1592,0.0031407035175879,0.0501833073817357,0.0377994327773924,0.0065221512437059
34,Algeria,1,0,1,2,1992,4,0,1592,0.0025125628140703,0.105674162807873,-0.062907429,0.0465656448550214
34,Estonia,1,0,1,2,1992,4,0,1592,0.0025125628140703,0.0880598816225788,-0.056791081,0.029837845459897
34,Lithuania,1,0,1,2,1992,4,0,1592,0.0025125628140703,0.0669766287272552,0.0052196483707915,0.0155849666549311
37,Switzerland,1,0,0,1,1992,3,0,1592,0.0018844221105527,0.0645047778662797,-0.042643872,0.0670263595359131
38,Jamaica,0,3,1,4,1992,7,0,1592,0.0043969849246231,0.0855338332575038,-0.021296139,0.0019865870098395
38,Nigeria,0,3,1,4,1992,7,0,1592,0.0043969849246231,0.0588066290734749,0.0090844331932762,0.0141666385594043
40,Latvia,0,2,1,3,1992,5,0,1592,0.0031407035175879,0.0795054125886066,-0.054190134,0.066111305588507
41,Austria,0,2,0,2,1992,4,0,1592,0.0025125628140703,0.1426373113008584,-0.072329556,0.0240571260583699
41,Namibia,0,2,0,2,1992,4,0,1592,0.0025125628140703,0.0,0.0,0.0
41,South Africa,0,2,0,2,1992,4,0,1592,0.0025125628140703,0.0097076475034568,-0.014002044,0.0208371289553415
44,Belgium,0,1,2,3,1992,4,0,1592,0.0025125628140703,0.0999535450525768,-0.072116842,0.0394756734574606
44,Croatia,0,1,2,3,1992,4,0,1592,0.0025125628140703,0.0534783003042977,-0.06571429,0.1750682572591144
44,Independent Olympic Participants,0,1,2,3,1992,4,0,1592,0.0025125628140703,0.0,0.0,0.0
44,Iran,0,1,2,3,1992,4,0,1592,0.0025125628140703,0.0238295166639712,0.0229610738475428,0.0439875021982788
48,Israel,0,1,1,2,1992,3,0,1592,0.0018844221105527,0.1299735674390288,0.0004732473582725,0.0856536644549932
49,Chinese Taipei,0,1,0,1,1992,2,0,1592,0.0012562814070351,0.0799537392253963,-0.067888814,0.1200063996829422
49,Mexico,0,1,0,1,1992,2,0,1592,0.0012562814070351,-0.036453767,-0.033701709,-0.026782985
49,Peru,0,1,0,1,1992,2,0,1592,0.0012562814070351,-0.000488819,-0.001099503,0.0350495765136951
52,Mongolia,0,0,2,2,1992,2,0,1592,0.0012562814070351,0.0356543206119922,0.0040909768986558,0.038058462930323
52,Slovenia,0,0,2,2,1992,2,0,1592,0.0012562814070351,-0.024357192,0.0722823555021518,0.0826776687515192
54,Argentina,0,0,1,1,1992,1,0,1592,0.0006281407035175,0.0377932089641432,-0.009101754,0.0501999133209208
54,Bahamas,0,0,1,1,1992,1,0,1592,0.0006281407035175,0.0588599123419141,-0.010917959,0.0616733057440297
54,Colombia,0,0,1,1,1992,1,0,1592,0.0006281407035175,0.1484936336468682,-0.135378614,0.1076244483216264
54,Ghana,0,0,1,1,1992,1,0,1592,0.0006281407035175,0.02241060568343,0.0350502596303638,0.0039971230831726
54,Malaysia,0,0,1,1,1992,1,0,1592,0.0006281407035175,-0.013200238,-0.073822421,0.3160609266471389
54,Pakistan,0,0,1,1,1992,1,0,1592,0.0006281407035175,-0.044496238,0.0428995127110449,0.0556258349103398
54,Philippines,0,0,1,1,1992,1,0,1592,0.0006281407035175,0.1125621440638615,0.0413774240570134,-0.04002275
54,Puerto Rico,0,0,1,1,1992,1,0,1592,0.0006281407035175,0.0333449017498307,0.0077939908203272,0.0451754467957053
54,Qatar,0,0,1,1,1992,1,0,1592,0.0006281407035175,0.1720240088980114,0.2662275765399336,-0.502723561
54,Suriname,0,0,1,1,1992,1,0,1592,0.0006281407035175,0.0,0.0,0.0
54,Thailand,0,0,1,1,1992,1,0,1592,0.0006281407035175,0.0754294831511271,0.0112659804556027,-0.044224613
1,United States,44,32,25,101,1996,221,1,1657,0.1333735666867833,-0.018635704,-0.009878765,-0.005536997
2,Russia,26,21,16,63,1996,136,0,1657,0.0820760410380205,0.0185848998614509,0.0159157975272426,0.0385310585231525
3,Germany,20,18,27,65,1996,123,0,1657,0.0742305371152685,0.0037464236304567,0.054508500406284,0.0294116358445334
4,China,16,22,12,50,1996,104,0,1657,0.0627640313820157,0.0349212185750656,-0.010283681,0.0244934903795986
5,France,15,7,15,37,1996,74,0,1657,0.0446590223295111,-0.007371037,-0.005794931,-0.00930495
6,Italy,13,10,12,35,1996,71,0,1657,0.0428485214242607,-0.028464728,0.000580383620461,0.0517707547535864
7,Australia,9,9,23,41,1996,68,0,1657,0.0410380205190102,0.0593783761803394,0.0105979239956092,-0.017491077
8,Cuba,9,8,8,25,1996,51,0,1657,0.0307785153892576,0.1150892571363936,-0.012649172,-0.039939664
9,Ukraine,9,2,12,23,1996,43,0,1657,0.0259505129752564,0.1055313528667747,-0.081151223,0.0556947848215754
10,South Korea,7,15,5,27,1996,56,0,1657,0.0337960168980084,0.1299539397074564,-0.096731247,0.0460938076451412
11,Poland,7,5,5,17,1996,36,0,1657,0.0217260108630054,0.0960781072930106,-0.033445012,0.0298788401460767
12,Hungary,7,4,10,21,1996,39,0,1657,0.0235365117682558,0.081822948682144,-0.015298107,0.0298869241525155
13,Spain,5,6,6,17,1996,33,0,1657,0.0199155099577549,0.0523829915644519,-0.003431032,0.0516043365955357
14,Romania,4,7,9,20,1996,35,0,1657,0.0211225105612552,0.1381380069280918,-0.032482878,-0.008737718
15,Netherlands,4,5,10,19,1996,32,0,1657,0.0193120096560048,0.0326027226637719,0.0182504912085674,-0.013945041
16,Greece,4,4,0,8,1996,20,0,1657,0.012070006035003,0.064844238365524,-0.031648542,-0.000569784
17,Czech Republic,4,3,4,11,1996,22,0,1657,0.0132770066385033,-0.003407146,0.0993248221971498,0.0032549006544948
18,Switzerland,4,3,0,7,1996,18,0,1657,0.0108630054315027,0.0645047778662797,-0.042643872,0.0670263595359131
19,Denmark,4,1,1,6,1996,15,0,1657,0.0090525045262522,0.11215174873682,-0.059377711,0.0395365798657709
19,Turkey,4,1,1,6,1996,15,0,1657,0.0090525045262522,0.0348245838511438,0.0071872141261822,0.0390670382651637
21,Canada,3,11,8,22,1996,39,0,1657,0.0235365117682558,0.0147731501056603,-0.004054787,0.0028425278416601
22,Bulgaria,3,7,5,15,1996,28,0,1657,0.0168980084490042,0.0933639052482865,0.0060403658726689,-0.012116691
23,Japan,3,6,5,14,1996,26,0,1657,0.0156910078455039,0.0308954330278842,0.0076793706983338,-0.020519968
24,Kazakhstan,3,4,4,11,1996,21,0,1657,0.0126735063367531,-0.038340672,-0.170647365,-0.023989539
25,Brazil,3,3,9,15,1996,24,0,1657,0.0144840072420036,0.0474667852272042,0.0131828339023468,0.0570026670928254
26,New Zealand,3,2,1,6,1996,14,0,1657,0.0084490042245021,0.0991513404046973,-0.003886849,0.0097812651250406
27,South Africa,3,1,1,5,1996,12,0,1657,0.0072420036210018,0.0097076475034568,-0.014002044,0.0208371289553415
28,Ireland,3,0,1,4,1996,10,0,1657,0.0060350030175015,0.0043770977096089,0.0492732399711982,0.0361240253097746
29,Sweden,2,4,2,8,1996,16,0,1657,0.0096560048280024,0.0678301712724681,-0.015719948,0.0220085393768702
30,Norway,2,2,3,7,1996,13,0,1657,0.0078455039227519,0.0736612564982121,0.0268687394913607,-0.030603601
31,Belgium,2,2,2,6,1996,12,0,1657,0.0072420036210018,0.0999535450525768,-0.072116842,0.0394756734574606
32,Nigeria,2,1,3,6,1996,11,0,1657,0.0066385033192516,0.0588066290734749,0.0090844331932762,0.0141666385594043
33,North Korea,2,1,2,5,1996,10,0,1657,0.0060350030175015,0.1003192821811706,-0.077190182,0.0701035846888015
34,Algeria,2,0,1,3,1996,7,0,1657,0.004224502112251,0.105674162807873,-0.062907429,0.0465656448550214
34,Ethiopia,2,0,1,3,1996,7,0,1657,0.004224502112251,0.0501833073817357,0.0377994327773924,0.0065221512437059
36,Great Britain,1,8,6,15,1996,25,0,1657,0.0150875075437537,-0.06192036,-0.031880806,-0.009741821
37,Belarus,1,6,8,15,1996,23,0,1657,0.0138805069402534,0.0961927242703584,0.0495922073693768,-0.054547977
38,Kenya,1,4,3,8,1996,14,0,1657,0.0084490042245021,-0.020869328,-0.005983973,0.0143254487759907
39,Jamaica,1,3,2,6,1996,11,0,1657,0.0066385033192516,0.0855338332575038,-0.021296139,0.0019865870098395
40,Finland,1,2,1,4,1996,8,0,1657,0.0048280024140012,0.0687637573636961,0.0453412694394228,-0.030496104
41,FR Yugoslavia,1,1,2,4,1996,7,0,1657,0.004224502112251,0.0,0.0,0.0
41,Indonesia,1,1,2,4,1996,7,0,1657,0.004224502112251,0.0325525821731489,0.0679903256525186,-0.011363667
43,Iran,1,1,1,3,1996,6,0,1657,0.0036210018105009,0.0238295166639712,0.0229610738475428,0.0439875021982788
43,Slovakia,1,1,1,3,1996,6,0,1657,0.0036210018105009,0.0236150185204219,0.0284172266877504,0.0233445988852465
45,Armenia,1,1,0,2,1996,5,0,1657,0.0030175015087507,0.1132858890106865,0.0593082124242049,-0.098302284
45,Croatia,1,1,0,2,1996,5,0,1657,0.0030175015087507,0.0534783003042977,-0.06571429,0.1750682572591144
47,Portugal,1,0,1,2,1996,4,0,1657,0.0024140012070006,0.0502517307220905,0.0062580577956718,0.0442410827754413
47,Thailand,1,0,1,2,1996,4,0,1657,0.0024140012070006,0.0754294831511271,0.0112659804556027,-0.044224613
49,Burundi,1,0,0,1,1996,3,0,1657,0.0018105009052504,0.0,0.0,0.0
49,Costa Rica,1,0,0,1,1996,3,0,1657,0.0018105009052504,0.0,0.0,0.0
49,Ecuador,1,0,0,1,1996,3,0,1657,0.0018105009052504,0.0,0.0,0.0
49,Hong Kong,1,0,0,1,1996,3,0,1657,0.0018105009052504,0.0274543972354062,0.1135252103022514,0.1865581838920528
49,Syria,1,0,0,1,1996,3,0,1657,0.0018105009052504,0.0,0.0,0.0
54,Argentina,0,2,1,3,1996,5,0,1657,0.0030175015087507,0.0377932089641432,-0.009101754,0.0501999133209208
55,Namibia,0,2,0,2,1996,4,0,1657,0.0024140012070006,0.0,0.0,0.0
55,Slovenia,0,2,0,2,1996,4,0,1657,0.0024140012070006,-0.024357192,0.0722823555021518,0.0826776687515192
57,Austria,0,1,2,3,1996,4,0,1657,0.0024140012070006,0.1426373113008584,-0.072329556,0.0240571260583699
58,Malaysia,0,1,1,2,1996,3,0,1657,0.0018105009052504,-0.013200238,-0.073822421,0.3160609266471389
58,Moldova,0,1,1,2,1996,3,0,1657,0.0018105009052504,0.0564541662941908,-0.21467388,0.2043060991000954
58,Uzbekistan,0,1,1,2,1996,3,0,1657,0.0018105009052504,0.0029466549259328,0.0885854596506894,0.0959767115380872
61,Azerbaijan,0,1,0,1,1996,2,0,1657,0.0012070006035003,0.0028537731498121,-0.170842115,0.2950248249394128
61,Bahamas,0,1,0,1,1996,2,0,1657,0.0012070006035003,0.0588599123419141,-0.010917959,0.0616733057440297
61,Chinese Taipei,0,1,0,1,1996,2,0,1657,0.0012070006035003,0.0799537392253963,-0.067888814,0.1200063996829422
61,Latvia,0,1,0,1,1996,2,0,1657,0.0012070006035003,0.0795054125886066,-0.054190134,0.066111305588507
61,Philippines,0,1,0,1,1996,2,0,1657,0.0012070006035003,0.1125621440638615,0.0413774240570134,-0.04002275
61,Tonga,0,1,0,1,1996,2,0,1657,0.0012070006035003,0.0,0.0,0.0
61,Zambia,0,1,0,1,1996,2,0,1657,0.0012070006035003,0.0,0.0,0.0
68,Georgia,0,0,2,2,1996,2,0,1657,0.0012070006035003,0.0827749923119967,0.0030194783867324,0.0262135489999911
68,Morocco,0,0,2,2,1996,2,0,1657,0.0012070006035003,0.0572735364001462,-0.004840799,0.0265370076612803
68,Trinidad and Tobago,0,0,2,2,1996,2,0,1657,0.0012070006035003,0.0485508378565269,-0.0326002,0.0571114635394481
71,India,0,0,1,1,1996,1,0,1657,0.0006035003017501,0.0354053868167537,0.0374176492799498,0.0175643905294755
71,Israel,0,0,1,1,1996,1,0,1657,0.0006035003017501,0.1299735674390288,0.0004732473582725,0.0856536644549932
71,Lithuania,0,0,1,1,1996,1,0,1657,0.0006035003017501,0.0669766287272552,0.0052196483707915,0.0155849666549311
71,Mexico,0,0,1,1,1996,1,0,1657,0.0006035003017501,-0.036453767,-0.033701709,-0.026782985
71,Mongolia,0,0,1,1,1996,1,0,1657,0.0006035003017501,0.0356543206119922,0.0040909768986558,0.038058462930323
71,Mozambique,0,0,1,1,1996,1,0,1657,0.0006035003017501,0.0,0.0,0.0
71,Puerto Rico,0,0,1,1,1996,1,0,1657,0.0006035003017501,0.0333449017498307,0.0077939908203272,0.0451754467957053
71,Tunisia,0,0,1,1,1996,1,0,1657,0.0006035003017501,0.0654829717458007,-0.022690087,0.0501545173104222
71,Uganda,0,0,1,1,1996,1,0,1657,0.0006035003017501,0.0952758899767234,-0.08244583,0.076982418418866
1,United States,37,24,32,93,2000,191,0,1827,0.1045429666119321,-0.018635704,-0.009878765,-0.005536997
2,Russia,32,28,29,89,2000,181,0,1827,0.0990695128626163,0.0185848998614509,0.0159157975272426,0.0385310585231525
3,China,28,16,14,58,2000,130,0,1827,0.0711548987411056,0.0349212185750656,-0.010283681,0.0244934903795986
4,Australia,16,25,17,58,2000,115,1,1827,0.0629447181171319,0.0593783761803394,0.0105979239956092,-0.017491077
5,Germany,13,17,26,56,2000,99,0,1827,0.0541871921182266,0.0037464236304567,0.054508500406284,0.0294116358445334
6,France,13,14,11,38,2000,78,0,1827,0.0426929392446633,-0.007371037,-0.005794931,-0.00930495
7,Italy,13,8,13,34,2000,68,0,1827,0.0372194854953475,-0.028464728,0.000580383620461,0.0517707547535864
8,Netherlands,12,9,4,25,2000,58,0,1827,0.0317460317460317,0.0326027226637719,0.0182504912085674,-0.013945041
9,Cuba,11,11,7,29,2000,62,0,1827,0.033935413245758,0.1150892571363936,-0.012649172,-0.039939664
10,Great Britain,11,10,7,28,2000,60,0,1827,0.0328407224958949,-0.06192036,-0.031880806,-0.009741821
11,Romania,11,6,9,26,2000,54,0,1827,0.0295566502463054,0.1381380069280918,-0.032482878,-0.008737718
12,South Korea,8,10,10,28,2000,54,0,1827,0.0295566502463054,0.1299539397074564,-0.096731247,0.0460938076451412
13,Hungary,8,6,3,17,2000,39,0,1827,0.0213464696223316,0.081822948682144,-0.015298107,0.0298869241525155
14,Poland,6,5,3,14,2000,31,0,1827,0.016967706622879,0.0960781072930106,-0.033445012,0.0298788401460767
15,Japan,5,8,5,18,2000,36,0,1827,0.0197044334975369,0.0308954330278842,0.0076793706983338,-0.020519968
16,Bulgaria,5,6,2,13,2000,29,0,1827,0.0158730158730158,0.0933639052482865,0.0060403658726689,-0.012116691
17,Greece,4,6,3,13,2000,27,0,1827,0.0147783251231527,0.064844238365524,-0.031648542,-0.000569784
18,Sweden,4,5,3,12,2000,25,0,1827,0.0136836343732895,0.0678301712724681,-0.015719948,0.0220085393768702
19,Norway,4,3,3,10,2000,21,0,1827,0.0114942528735632,0.0736612564982121,0.0268687394913607,-0.030603601
20,Ethiopia,4,1,3,8,2000,17,0,1827,0.0093048713738368,0.0501833073817357,0.0377994327773924,0.0065221512437059
21,Ukraine,3,10,10,23,2000,39,0,1827,0.0213464696223316,0.1055313528667747,-0.081151223,0.0556947848215754
22,Kazakhstan,3,4,0,7,2000,17,0,1827,0.0093048713738368,-0.038340672,-0.170647365,-0.023989539
23,Belarus,3,3,11,17,2000,26,0,1827,0.0142309797482211,0.0961927242703584,0.0495922073693768,-0.054547977
24,Canada,3,3,8,14,2000,23,0,1827,0.0125889436234263,0.0147731501056603,-0.004054787,0.0028425278416601
25,Spain,3,3,5,11,2000,20,0,1827,0.0109469074986316,0.0523829915644519,-0.003431032,0.0516043365955357
26,Turkey,3,0,2,5,2000,11,0,1827,0.0060207991242474,0.0348245838511438,0.0071872141261822,0.0390670382651637
27,Iran,3,0,1,4,2000,10,0,1827,0.0054734537493158,0.0238295166639712,0.0229610738475428,0.0439875021982788
28,Czech Republic,2,3,3,8,2000,15,0,1827,0.0082101806239737,-0.003407146,0.0993248221971498,0.0032549006544948
29,Kenya,2,3,2,7,2000,14,0,1827,0.0076628352490421,-0.020869328,-0.005983973,0.0143254487759907
30,Denmark,2,3,1,6,2000,13,0,1827,0.0071154898741105,0.11215174873682,-0.059377711,0.0395365798657709
31,Finland,2,1,1,4,2000,9,0,1827,0.0049261083743842,0.0687637573636961,0.0453412694394228,-0.030496104
32,Austria,2,1,0,3,2000,8,0,1827,0.0043787629994526,0.1426373113008584,-0.072329556,0.0240571260583699
33,Lithuania,2,0,3,5,2000,9,0,1827,0.0049261083743842,0.0669766287272552,0.0052196483707915,0.0155849666549311
34,Azerbaijan,2,0,1,3,2000,7,0,1827,0.003831417624521,0.0028537731498121,-0.170842115,0.2950248249394128
34,Bahamas,2,0,1,3,2000,7,0,1827,0.003831417624521,0.0588599123419141,-0.010917959,0.0616733057440297
36,Slovenia,2,0,0,2,2000,6,0,1827,0.0032840722495894,-0.024357192,0.0722823555021518,0.0826776687515192
37,Switzerland,1,6,2,9,2000,17,0,1827,0.0093048713738368,0.0645047778662797,-0.042643872,0.0670263595359131
38,Indonesia,1,3,2,6,2000,11,0,1827,0.0060207991242474,0.0325525821731489,0.0679903256525186,-0.011363667
39,Slovakia,1,3,1,5,2000,10,0,1827,0.0054734537493158,0.0236150185204219,0.0284172266877504,0.0233445988852465
40,Mexico,1,2,3,6,2000,10,0,1827,0.0054734537493158,-0.036453767,-0.033701709,-0.026782985
41,Nigeria,1,2,0,3,2000,7,0,1827,0.003831417624521,0.0588066290734749,0.0090844331932762,0.0141666385594043
42,Algeria,1,1,3,5,2000,8,0,1827,0.0043787629994526,0.105674162807873,-0.062907429,0.0465656448550214
43,Uzbekistan,1,1,2,4,2000,7,0,1827,0.003831417624521,0.0029466549259328,0.0885854596506894,0.0959767115380872
44,FR Yugoslavia,1,1,1,3,2000,6,0,1827,0.0032840722495894,0.0,0.0,0.0
44,Latvia,1,1,1,3,2000,6,0,1827,0.0032840722495894,0.0795054125886066,-0.054190134,0.066111305588507
46,New Zealand,1,0,3,4,2000,6,0,1827,0.0032840722495894,0.0991513404046973,-0.003886849,0.0097812651250406
47,Estonia,1,0,2,3,2000,5,0,1827,0.0027367268746579,0.0880598816225788,-0.056791081,0.029837845459897
47,Thailand,1,0,2,3,2000,5,0,1827,0.0027367268746579,0.0754294831511271,0.0112659804556027,-0.044224613
49,Croatia,1,0,1,2,2000,4,0,1827,0.0021893814997263,0.0534783003042977,-0.06571429,0.1750682572591144
50,Cameroon,1,0,0,1,2000,3,0,1827,0.0016420361247947,0.2906221822213744,-0.144000571,-0.108229423
50,Colombia,1,0,0,1,2000,3,0,1827,0.0016420361247947,0.1484936336468682,-0.135378614,0.1076244483216264
50,Mozambique,1,0,0,1,2000,3,0,1827,0.0016420361247947,0.0,0.0,0.0
53,Brazil,0,6,6,12,2000,18,0,1827,0.0098522167487684,0.0474667852272042,0.0131828339023468,0.0570026670928254
54,Jamaica,0,6,3,9,2000,15,0,1827,0.0082101806239737,0.0855338332575038,-0.021296139,0.0019865870098395
55,Belgium,0,2,3,5,2000,7,0,1827,0.003831417624521,0.0999535450525768,-0.072116842,0.0394756734574606
55,South Africa,0,2,3,5,2000,7,0,1827,0.003831417624521,0.0097076475034568,-0.014002044,0.0208371289553415
57,Argentina,0,2,2,4,2000,6,0,1827,0.0032840722495894,0.0377932089641432,-0.009101754,0.0501999133209208
58,Chinese Taipei,0,1,4,5,2000,6,0,1827,0.0032840722495894,0.0799537392253963,-0.067888814,0.1200063996829422
58,Morocco,0,1,4,5,2000,6,0,1827,0.0032840722495894,0.0572735364001462,-0.004840799,0.0265370076612803
60,North Korea,0,1,3,4,2000,5,0,1827,0.0027367268746579,0.1003192821811706,-0.077190182,0.0701035846888015
61,Moldova,0,1,1,2,2000,3,0,1827,0.0016420361247947,0.0564541662941908,-0.21467388,0.2043060991000954
61,Saudi Arabia,0,1,1,2,2000,3,0,1827,0.0016420361247947,0.0,0.0,0.0
61,Trinidad and Tobago,0,1,1,2,2000,3,0,1827,0.0016420361247947,0.0485508378565269,-0.0326002,0.0571114635394481
64,Ireland,0,1,0,1,2000,2,0,1827,0.0010946907498631,0.0043770977096089,0.0492732399711982,0.0361240253097746
64,Sri Lanka,0,1,0,1,2000,2,0,1827,0.0010946907498631,0.0,0.0,0.0
64,Uruguay,0,1,0,1,2000,2,0,1827,0.0010946907498631,-0.007648627,0.0321630839059514,0.0383103151530274
64,Vietnam,0,1,0,1,2000,2,0,1827,0.0010946907498631,0.0,0.0,0.0
68,Georgia,0,0,6,6,2000,6,0,1827,0.0032840722495894,0.0827749923119967,0.0030194783867324,0.0262135489999911
69,Costa Rica,0,0,2,2,2000,2,0,1827,0.0010946907498631,0.0,0.0,0.0
69,Portugal,0,0,2,2,2000,2,0,1827,0.0010946907498631,0.0502517307220905,0.0062580577956718,0.0442410827754413
71,Armenia,0,0,1,1,2000,1,0,1827,0.0005473453749315,0.1132858890106865,0.0593082124242049,-0.098302284
71,Barbados,0,0,1,1,2000,1,0,1827,0.0005473453749315,0.0,0.0,0.0
71,Chile,0,0,1,1,2000,1,0,1827,0.0005473453749315,0.0061582518953526,-0.003767427,0.0468435264192354
71,Iceland,0,0,1,1,2000,1,0,1827,0.0005473453749315,0.0,0.0,0.0
71,India,0,0,1,1,2000,1,0,1827,0.0005473453749315,0.0354053868167537,0.0374176492799498,0.0175643905294755
71,Israel,0,0,1,1,2000,1,0,1827,0.0005473453749315,0.1299735674390288,0.0004732473582725,0.0856536644549932
71,Kuwait,0,0,1,1,2000,1,0,1827,0.0005473453749315,0.0,0.0,0.0
71,Kyrgyzstan,0,0,1,1,2000,1,0,1827,0.0005473453749315,0.0,0.0,0.0
71,Macedonia,0,0,1,1,2000,1,0,1827,0.0005473453749315,0.0,0.0,0.0
71,Qatar,0,0,1,1,2000,1,0,1827,0.0005473453749315,0.1720240088980114,0.2662275765399336,-0.502723561
1,United States,36,39,26,101,2004,212,0,1828,0.1159737417943107,-0.018635704,-0.009878765,-0.005536997
2,China,32,17,14,63,2004,144,0,1828,0.0787746170678337,0.0349212185750656,-0.010283681,0.0244934903795986
3,Russia,28,26,36,90,2004,172,0,1828,0.0940919037199124,0.0185848998614509,0.0159157975272426,0.0385310585231525
4,Australia,17,16,17,50,2004,100,0,1828,0.0547045951859956,0.0593783761803394,0.0105979239956092,-0.017491077
5,Japan,16,9,12,37,2004,78,0,1828,0.0426695842450765,0.0308954330278842,0.0076793706983338,-0.020519968
6,Germany,13,16,20,49,2004,91,0,1828,0.049781181619256,0.0037464236304567,0.054508500406284,0.0294116358445334
7,France,11,9,13,33,2004,64,0,1828,0.0350109409190372,-0.007371037,-0.005794931,-0.00930495
8,Italy,10,11,11,32,2004,63,0,1828,0.0344638949671772,-0.028464728,0.000580383620461,0.0517707547535864
9,South Korea,9,12,9,30,2004,60,0,1828,0.0328227571115973,0.1299539397074564,-0.096731247,0.0460938076451412
10,Great Britain,9,9,12,30,2004,57,0,1828,0.0311816192560175,-0.06192036,-0.031880806,-0.009741821
11,Cuba,9,7,11,27,2004,52,0,1828,0.0284463894967177,0.1150892571363936,-0.012649172,-0.039939664
12,Hungary,8,6,3,17,2004,39,0,1828,0.0213347921225382,0.081822948682144,-0.015298107,0.0298869241525155
13,Ukraine,8,5,9,22,2004,43,0,1828,0.0235229759299781,0.1055313528667747,-0.081151223,0.0556947848215754
14,Romania,8,5,6,19,2004,40,0,1828,0.0218818380743982,0.1381380069280918,-0.032482878,-0.008737718
15,Greece,6,6,4,16,2004,34,1,1828,0.0185995623632385,0.064844238365524,-0.031648542,-0.000569784
16,Brazil,5,2,3,10,2004,22,0,1828,0.012035010940919,0.0474667852272042,0.0131828339023468,0.0570026670928254
17,Norway,5,0,1,6,2004,16,0,1828,0.0087527352297593,0.0736612564982121,0.0268687394913607,-0.030603601
18,Netherlands,4,9,9,22,2004,39,0,1828,0.0213347921225382,0.0326027226637719,0.0182504912085674,-0.013945041
19,Sweden,4,2,1,7,2004,17,0,1828,0.0092997811816192,0.0678301712724681,-0.015719948,0.0220085393768702
20,Spain,3,11,6,20,2004,37,0,1828,0.0202407002188183,0.0523829915644519,-0.003431032,0.0516043365955357
21,Canada,3,6,3,12,2004,24,0,1828,0.0131291028446389,0.0147731501056603,-0.004054787,0.0028425278416601
22,Turkey,3,3,4,10,2004,19,0,1828,0.0103938730853391,0.0348245838511438,0.0071872141261822,0.0390670382651637
23,Poland,3,2,5,10,2004,18,0,1828,0.0098468271334792,0.0960781072930106,-0.033445012,0.0298788401460767
24,New Zealand,3,2,0,5,2004,13,0,1828,0.0071115973741794,0.0991513404046973,-0.003886849,0.0097812651250406
25,Thailand,3,1,4,8,2004,15,0,1828,0.0082056892778993,0.0754294831511271,0.0112659804556027,-0.044224613
26,Belarus,2,5,6,13,2004,22,0,1828,0.012035010940919,0.0961927242703584,0.0495922073693768,-0.054547977
27,Austria,2,4,1,7,2004,15,0,1828,0.0082056892778993,0.1426373113008584,-0.072329556,0.0240571260583699
28,Ethiopia,2,3,2,7,2004,14,0,1828,0.0076586433260393,0.0501833073817357,0.0377994327773924,0.0065221512437059
29,Iran,2,2,2,6,2004,12,0,1828,0.0065645514223194,0.0238295166639712,0.0229610738475428,0.0439875021982788
29,Slovakia,2,2,2,6,2004,12,0,1828,0.0065645514223194,0.0236150185204219,0.0284172266877504,0.0233445988852465
31,Chinese Taipei,2,2,1,5,2004,11,0,1828,0.0060175054704595,0.0799537392253963,-0.067888814,0.1200063996829422
32,Georgia,2,2,0,4,2004,10,0,1828,0.0054704595185995,0.0827749923119967,0.0030194783867324,0.0262135489999911
33,Bulgaria,2,1,9,12,2004,17,0,1828,0.0092997811816192,0.0933639052482865,0.0060403658726689,-0.012116691
34,Denmark,2,1,5,8,2004,13,0,1828,0.0071115973741794,0.11215174873682,-0.059377711,0.0395365798657709
35,Jamaica,2,1,2,5,2004,10,0,1828,0.0054704595185995,0.0855338332575038,-0.021296139,0.0019865870098395
35,Uzbekistan,2,1,2,5,2004,10,0,1828,0.0054704595185995,0.0029466549259328,0.0885854596506894,0.0959767115380872
37,Morocco,2,1,0,3,2004,8,0,1828,0.0043763676148796,0.0572735364001462,-0.004840799,0.0265370076612803
38,Argentina,2,0,4,6,2004,10,0,1828,0.0054704595185995,0.0377932089641432,-0.009101754,0.0501999133209208
39,Chile,2,0,1,3,2004,7,0,1828,0.0038293216630196,0.0061582518953526,-0.003767427,0.0468435264192354
40,Kazakhstan,1,4,3,8,2004,14,0,1828,0.0076586433260393,-0.038340672,-0.170647365,-0.023989539
41,Kenya,1,4,2,7,2004,13,0,1828,0.0071115973741794,-0.020869328,-0.005983973,0.0143254487759907
42,Czech Republic,1,3,5,9,2004,14,0,1828,0.0076586433260393,-0.003407146,0.0993248221971498,0.0032549006544948
43,South Africa,1,3,2,6,2004,11,0,1828,0.0060175054704595,0.0097076475034568,-0.014002044,0.0208371289553415
44,Croatia,1,2,2,5,2004,9,0,1828,0.0049234135667396,0.0534783003042977,-0.06571429,0.1750682572591144
45,Lithuania,1,2,0,3,2004,7,0,1828,0.0038293216630196,0.0669766287272552,0.0052196483707915,0.0155849666549311
46,Egypt,1,1,3,5,2004,8,0,1828,0.0043763676148796,-0.011362303,0.0170307797201968,-0.019578094
46,Switzerland,1,1,3,5,2004,8,0,1828,0.0043763676148796,0.0645047778662797,-0.042643872,0.0670263595359131
48,Indonesia,1,1,2,4,2004,7,0,1828,0.0038293216630196,0.0325525821731489,0.0679903256525186,-0.011363667
49,Zimbabwe,1,1,1,3,2004,6,0,1828,0.0032822757111597,0.0,0.0,0.0
50,Azerbaijan,1,0,4,5,2004,7,0,1828,0.0038293216630196,0.0028537731498121,-0.170842115,0.2950248249394128
51,Belgium,1,0,2,3,2004,5,0,1828,0.0027352297592997,0.0999535450525768,-0.072116842,0.0394756734574606
52,Bahamas,1,0,1,2,2004,4,0,1828,0.0021881838074398,0.0588599123419141,-0.010917959,0.0616733057440297
52,Israel,1,0,1,2,2004,4,0,1828,0.0021881838074398,0.1299735674390288,0.0004732473582725,0.0856536644549932
54,Cameroon,1,0,0,1,2004,3,0,1828,0.0016411378555798,0.2906221822213744,-0.144000571,-0.108229423
54,Dominican Republic,1,0,0,1,2004,3,0,1828,0.0016411378555798,-0.001958229,0.0244336109896024,0.0942347767941562
54,United Arab Emirates,1,0,0,1,2004,3,0,1828,0.0016411378555798,0.0,0.0,0.0
57,North Korea,0,4,1,5,2004,9,0,1828,0.0049234135667396,0.1003192821811706,-0.077190182,0.0701035846888015
58,Latvia,0,4,0,4,2004,8,0,1828,0.0043763676148796,0.0795054125886066,-0.054190134,0.066111305588507
59,Mexico,0,3,1,4,2004,7,0,1828,0.0038293216630196,-0.036453767,-0.033701709,-0.026782985
60,Portugal,0,2,1,3,2004,5,0,1828,0.0027352297592997,0.0502517307220905,0.0062580577956718,0.0442410827754413
61,Finland,0,2,0,2,2004,4,0,1828,0.0021881838074398,0.0687637573636961,0.0453412694394228,-0.030496104
61,Serbia and Montenegro,0,2,0,2,2004,4,0,1828,0.0021881838074398,0.0,0.0,0.0
63,Slovenia,0,1,3,4,2004,5,0,1828,0.0027352297592997,-0.024357192,0.0722823555021518,0.0826776687515192
64,Estonia,0,1,2,3,2004,4,0,1828,0.0021881838074398,0.0880598816225788,-0.056791081,0.029837845459897
65,Hong Kong,0,1,0,1,2004,2,0,1828,0.0010940919037199,0.0274543972354062,0.1135252103022514,0.1865581838920528
65,India,0,1,0,1,2004,2,0,1828,0.0010940919037199,0.0354053868167537,0.0374176492799498,0.0175643905294755
65,Paraguay,0,1,0,1,2004,2,0,1828,0.0010940919037199,0.0,0.0,0.0
68,Colombia,0,0,2,2,2004,2,0,1828,0.0010940919037199,0.1484936336468682,-0.135378614,0.1076244483216264
68,Nigeria,0,0,2,2,2004,2,0,1828,0.0010940919037199,0.0588066290734749,0.0090844331932762,0.0141666385594043
68,Venezuela,0,0,2,2,2004,2,0,1828,0.0010940919037199,0.0982120652382588,-0.009936818,0.018882609597689
71,Eritrea,0,0,1,1,2004,1,0,1828,0.0005470459518599,0.0,0.0,0.0
71,Mongolia,0,0,1,1,2004,1,0,1828,0.0005470459518599,0.0356543206119922,0.0040909768986558,0.038058462930323
71,Syria,0,0,1,1,2004,1,0,1828,0.0005470459518599,0.0,0.0,0.0
71,Trinidad and Tobago,0,0,1,1,2004,1,0,1828,0.0005470459518599,0.0485508378565269,-0.0326002,0.0571114635394481
1,China,48,22,30,100,2008,218,1,1865,0.1168900804289544,0.0349212185750656,-0.010283681,0.0244934903795986
2,United States,36,39,37,112,2008,223,0,1865,0.1195710455764075,-0.018635704,-0.009878765,-0.005536997
3,Russia,24,13,23,60,2008,121,0,1865,0.0648793565683646,0.0185848998614509,0.0159157975272426,0.0385310585231525
4,Great Britain,19,13,19,51,2008,102,0,1865,0.0546916890080428,-0.06192036,-0.031880806,-0.009741821
5,Germany,16,11,14,41,2008,84,0,1865,0.0450402144772117,0.0037464236304567,0.054508500406284,0.0294116358445334
6,Australia,14,15,17,46,2008,89,0,1865,0.0477211796246648,0.0593783761803394,0.0105979239956092,-0.017491077
7,South Korea,13,11,8,32,2008,69,0,1865,0.0369973190348525,0.1299539397074564,-0.096731247,0.0460938076451412
8,Japan,9,8,8,25,2008,51,0,1865,0.0273458445040214,0.0308954330278842,0.0076793706983338,-0.020519968
9,Italy,8,9,10,27,2008,52,0,1865,0.027882037533512,-0.028464728,0.000580383620461,0.0517707547535864
10,France,7,16,20,43,2008,73,0,1865,0.039142091152815,-0.007371037,-0.005794931,-0.00930495
11,Netherlands,7,5,4,16,2008,35,0,1865,0.0187667560321715,0.0326027226637719,0.0182504912085674,-0.013945041
12,Ukraine,7,4,11,22,2008,40,0,1865,0.0214477211796246,0.1055313528667747,-0.081151223,0.0556947848215754
13,Kenya,6,4,6,16,2008,32,0,1865,0.0171581769436997,-0.020869328,-0.005983973,0.0143254487759907
14,Spain,5,11,3,19,2008,40,0,1865,0.0214477211796246,0.0523829915644519,-0.003431032,0.0516043365955357
15,Jamaica,5,4,2,11,2008,25,0,1865,0.0134048257372654,0.0855338332575038,-0.021296139,0.0019865870098395
16,Poland,4,5,2,11,2008,24,0,1865,0.0128686327077747,0.0960781072930106,-0.033445012,0.0298788401460767
17,Ethiopia,4,2,1,7,2008,17,0,1865,0.0091152815013404,0.0501833073817357,0.0377994327773924,0.0065221512437059
18,Romania,4,1,4,9,2008,18,0,1865,0.0096514745308311,0.1381380069280918,-0.032482878,-0.008737718
19,Cuba,3,10,17,30,2008,46,0,1865,0.0246648793565683,0.1150892571363936,-0.012649172,-0.039939664
20,Canada,3,9,8,20,2008,35,0,1865,0.0187667560321715,0.0147731501056603,-0.004054787,0.0028425278416601
21,Hungary,3,5,2,10,2008,21,0,1865,0.0112600536193029,0.081822948682144,-0.015298107,0.0298869241525155
22,Norway,3,5,1,9,2008,20,0,1865,0.0107238605898123,0.0736612564982121,0.0268687394913607,-0.030603601
23,Brazil,3,4,10,17,2008,27,0,1865,0.0144772117962466,0.0474667852272042,0.0131828339023468,0.0570026670928254
24,Belarus,3,4,7,14,2008,24,0,1865,0.0128686327077747,0.0961927242703584,0.0495922073693768,-0.054547977
25,Czech Republic,3,3,1,7,2008,16,0,1865,0.0085790884718498,-0.003407146,0.0993248221971498,0.0032549006544948
26,Slovakia,3,3,0,6,2008,15,0,1865,0.0080428954423592,0.0236150185204219,0.0284172266877504,0.0233445988852465
27,New Zealand,3,2,4,9,2008,17,0,1865,0.0091152815013404,0.0991513404046973,-0.003886849,0.0097812651250406
28,Georgia,3,2,2,7,2008,15,0,1865,0.0080428954423592,0.0827749923119967,0.0030194783867324,0.0262135489999911
29,Kazakhstan,2,3,4,9,2008,16,0,1865,0.0085790884718498,-0.038340672,-0.170647365,-0.023989539
30,Denmark,2,2,3,7,2008,13,0,1865,0.006970509383378,0.11215174873682,-0.059377711,0.0395365798657709
31,North Korea,2,2,2,6,2008,12,0,1865,0.0064343163538873,0.1003192821811706,-0.077190182,0.0701035846888015
31,Thailand,2,2,2,6,2008,12,0,1865,0.0064343163538873,0.0754294831511271,0.0112659804556027,-0.044224613
33,Mongolia,2,2,0,4,2008,10,0,1865,0.0053619302949061,0.0356543206119922,0.0040909768986558,0.038058462930323
34,Switzerland,2,1,4,7,2008,12,0,1865,0.0064343163538873,0.0645047778662797,-0.042643872,0.0670263595359131
35,Argentina,2,0,4,6,2008,10,0,1865,0.0053619302949061,0.0377932089641432,-0.009101754,0.0501999133209208
36,Mexico,2,0,2,4,2008,8,0,1865,0.0042895442359249,-0.036453767,-0.033701709,-0.026782985
37,Belgium,2,0,0,2,2008,6,0,1865,0.0032171581769436,0.0999535450525768,-0.072116842,0.0394756734574606
38,Zimbabwe,1,3,0,4,2008,9,0,1865,0.0048257372654155,0.0,0.0,0.0
39,Slovenia,1,2,2,5,2008,9,0,1865,0.0048257372654155,-0.024357192,0.0722823555021518,0.0826776687515192
40,Azerbaijan,1,1,4,6,2008,9,0,1865,0.0048257372654155,0.0028537731498121,-0.170842115,0.2950248249394128
40,Indonesia,1,1,4,6,2008,9,0,1865,0.0048257372654155,0.0325525821731489,0.0679903256525186,-0.011363667
42,Bulgaria,1,1,3,5,2008,8,0,1865,0.0042895442359249,0.0933639052482865,0.0060403658726689,-0.012116691
42,Turkey,1,1,3,5,2008,8,0,1865,0.0042895442359249,0.0348245838511438,0.0071872141261822,0.0390670382651637
44,Chinese Taipei,1,1,2,4,2008,7,0,1865,0.0037533512064343,0.0799537392253963,-0.067888814,0.1200063996829422
44,Finland,1,1,2,4,2008,7,0,1865,0.0037533512064343,0.0687637573636961,0.0453412694394228,-0.030496104
46,Latvia,1,1,1,3,2008,6,0,1865,0.0032171581769436,0.0795054125886066,-0.054190134,0.066111305588507
47,Dominican Republic,1,1,0,2,2008,5,0,1865,0.002680965147453,-0.001958229,0.0244336109896024,0.0942347767941562
47,Estonia,1,1,0,2,2008,5,0,1865,0.002680965147453,0.0880598816225788,-0.056791081,0.029837845459897
47,Portugal,1,1,0,2,2008,5,0,1865,0.002680965147453,0.0502517307220905,0.0062580577956718,0.0442410827754413
47,Trinidad and Tobago,1,1,0,2,2008,5,0,1865,0.002680965147453,0.0485508378565269,-0.0326002,0.0571114635394481
51,India,1,0,2,3,2008,5,0,1865,0.002680965147453,0.0354053868167537,0.0374176492799498,0.0175643905294755
52,Iran,1,0,1,2,2008,4,0,1865,0.0021447721179624,0.0238295166639712,0.0229610738475428,0.0439875021982788
53,Cameroon,1,0,0,1,2008,3,0,1865,0.0016085790884718,0.2906221822213744,-0.144000571,-0.108229423
53,Panama,1,0,0,1,2008,3,0,1865,0.0016085790884718,0.0,0.0,0.0
53,Tunisia,1,0,0,1,2008,3,0,1865,0.0016085790884718,0.0654829717458007,-0.022690087,0.0501545173104222
56,Sweden,0,4,1,5,2008,9,0,1865,0.0048257372654155,0.0678301712724681,-0.015719948,0.0220085393768702
57,Lithuania,0,3,2,5,2008,8,0,1865,0.0042895442359249,0.0669766287272552,0.0052196483707915,0.0155849666549311
57,Nigeria,0,3,2,5,2008,8,0,1865,0.0042895442359249,0.0588066290734749,0.0090844331932762,0.0141666385594043
59,Croatia,0,2,3,5,2008,7,0,1865,0.0037533512064343,0.0534783003042977,-0.06571429,0.1750682572591144
60,Colombia,0,2,1,3,2008,5,0,1865,0.002680965147453,0.1484936336468682,-0.135378614,0.1076244483216264
60,Greece,0,2,1,3,2008,5,0,1865,0.002680965147453,0.064844238365524,-0.031648542,-0.000569784
62,Armenia,0,1,4,5,2008,6,0,1865,0.0032171581769436,0.1132858890106865,0.0593082124242049,-0.098302284
63,Uzbekistan,0,1,3,4,2008,5,0,1865,0.002680965147453,0.0029466549259328,0.0885854596506894,0.0959767115380872
64,Austria,0,1,2,3,2008,4,0,1865,0.0021447721179624,0.1426373113008584,-0.072329556,0.0240571260583699
64,Ireland,0,1,2,3,2008,4,0,1865,0.0021447721179624,0.0043770977096089,0.0492732399711982,0.0361240253097746
64,Kyrgyzstan,0,1,2,3,2008,4,0,1865,0.0021447721179624,0.0,0.0,0.0
64,Serbia,0,1,2,3,2008,4,0,1865,0.0021447721179624,0.0980461061497171,-0.019366898,0.0025679770717682
68,Algeria,0,1,1,2,2008,3,0,1865,0.0016085790884718,0.105674162807873,-0.062907429,0.0465656448550214
68,Bahamas,0,1,1,2,2008,3,0,1865,0.0016085790884718,0.0588599123419141,-0.010917959,0.0616733057440297
68,Morocco,0,1,1,2,2008,3,0,1865,0.0016085790884718,0.0572735364001462,-0.004840799,0.0265370076612803
68,Tajikistan,0,1,1,2,2008,3,0,1865,0.0016085790884718,0.0,0.0,0.0
72,Chile,0,1,0,1,2008,2,0,1865,0.0010723860589812,0.0061582518953526,-0.003767427,0.0468435264192354
72,Ecuador,0,1,0,1,2008,2,0,1865,0.0010723860589812,0.0,0.0,0.0
72,Iceland,0,1,0,1,2008,2,0,1865,0.0010723860589812,0.0,0.0,0.0
72,Malaysia,0,1,0,1,2008,2,0,1865,0.0010723860589812,-0.013200238,-0.073822421,0.3160609266471389
72,Samoa,0,1,0,1,2008,2,0,1865,0.0010723860589812,0.0,0.0,0.0
72,Singapore,0,1,0,1,2008,2,0,1865,0.0010723860589812,-0.029312439,0.0052517274344294,0.0842469383657985
72,South Africa,0,1,0,1,2008,2,0,1865,0.0010723860589812,0.0097076475034568,-0.014002044,0.0208371289553415
72,Sudan,0,1,0,1,2008,2,0,1865,0.0010723860589812,0.0,0.0,0.0
72,Vietnam,0,1,0,1,2008,2,0,1865,0.0010723860589812,0.0,0.0,0.0
81,Egypt,0,0,2,2,2008,2,0,1865,0.0010723860589812,-0.011362303,0.0170307797201968,-0.019578094
82,Afghanistan,0,0,1,1,2008,1,0,1865,0.0005361930294906,0.0,0.0,0.0
82,Israel,0,0,1,1,2008,1,0,1865,0.0005361930294906,0.1299735674390288,0.0004732473582725,0.0856536644549932
82,Mauritius,0,0,1,1,2008,1,0,1865,0.0005361930294906,0.0,0.0,0.0
82,Moldova,0,0,1,1,2008,1,0,1865,0.0005361930294906,0.0564541662941908,-0.21467388,0.2043060991000954
82,Togo,0,0,1,1,2008,1,0,1865,0.0005361930294906,0.0,0.0,0.0
82,Venezuela,0,0,1,1,2008,1,0,1865,0.0005361930294906,0.0982120652382588,-0.009936818,0.018882609597689
1,United States,48,26,30,104,2012,226,0,1871,0.1207910208444682,-0.018635704,-0.009878765,-0.005536997
2,China,39,31,22,92,2012,201,0,1871,0.1074291822554783,0.0349212185750656,-0.010283681,0.0244934903795986
3,Great Britain,29,18,18,65,2012,141,1,1871,0.0753607696419027,-0.06192036,-0.031880806,-0.009741821
4,Russia,18,21,26,65,2012,122,0,1871,0.0652057723142704,0.0185848998614509,0.0159157975272426,0.0385310585231525
5,South Korea,13,9,9,31,2012,66,0,1871,0.0352752538749331,0.1299539397074564,-0.096731247,0.0460938076451412
6,Germany,11,20,13,44,2012,86,0,1871,0.045964724746125,0.0037464236304567,0.054508500406284,0.0294116358445334
7,France,11,11,13,35,2012,68,0,1871,0.0363442009620523,-0.007371037,-0.005794931,-0.00930495
8,Australia,8,15,12,35,2012,66,0,1871,0.0352752538749331,0.0593783761803394,0.0105979239956092,-0.017491077
9,Italy,8,9,11,28,2012,53,0,1871,0.0283270978086584,-0.028464728,0.000580383620461,0.0517707547535864
10,Hungary,8,4,6,18,2012,38,0,1871,0.0203099946552645,0.081822948682144,-0.015298107,0.0298869241525155
11,Japan,7,14,17,38,2012,66,0,1871,0.0352752538749331,0.0308954330278842,0.0076793706983338,-0.020519968
12,Iran,7,5,1,13,2012,32,0,1871,0.017103153393907,0.0238295166639712,0.0229610738475428,0.0439875021982788
13,Netherlands,6,6,8,20,2012,38,0,1871,0.0203099946552645,0.0326027226637719,0.0182504912085674,-0.013945041
14,New Zealand,6,2,5,13,2012,27,0,1871,0.014430785676109,0.0991513404046973,-0.003886849,0.0097812651250406
15,Ukraine,5,4,10,19,2012,33,0,1871,0.0176376269374665,0.1055313528667747,-0.081151223,0.0556947848215754
16,Cuba,5,3,7,15,2012,28,0,1871,0.0149652592196686,0.1150892571363936,-0.012649172,-0.039939664
17,Spain,4,10,6,20,2012,38,0,1871,0.0203099946552645,0.0523829915644519,-0.003431032,0.0516043365955357
18,Jamaica,4,5,4,13,2012,26,0,1871,0.0138963121325494,0.0855338332575038,-0.021296139,0.0019865870098395
19,Czech Republic,4,4,3,11,2012,23,0,1871,0.0122928915018706,-0.003407146,0.0993248221971498,0.0032549006544948
20,South Africa,4,1,1,6,2012,15,0,1871,0.0080171031533939,0.0097076475034568,-0.014002044,0.0208371289553415
21,North Korea,4,0,2,6,2012,14,0,1871,0.0074826296098343,0.1003192821811706,-0.077190182,0.0701035846888015
22,Brazil,3,5,9,17,2012,28,0,1871,0.0149652592196686,0.0474667852272042,0.0131828339023468,0.0570026670928254
23,Kazakhstan,3,2,6,11,2012,19,0,1871,0.0101549973276322,-0.038340672,-0.170647365,-0.023989539
23,Poland,3,2,6,11,2012,19,0,1871,0.0101549973276322,0.0960781072930106,-0.033445012,0.0298788401460767
25,Ethiopia,3,2,3,8,2012,16,0,1871,0.0085515766969535,0.0501833073817357,0.0377994327773924,0.0065221512437059
26,Croatia,3,1,2,6,2012,13,0,1871,0.0069481560662747,0.0534783003042977,-0.06571429,0.1750682572591144
27,Canada,2,6,10,18,2012,28,0,1871,0.0149652592196686,0.0147731501056603,-0.004054787,0.0028425278416601
28,Belarus,2,5,3,10,2012,19,0,1871,0.0101549973276322,0.0961927242703584,0.0495922073693768,-0.054547977
29,Kenya,2,4,7,13,2012,21,0,1871,0.0112239444147514,-0.020869328,-0.005983973,0.0143254487759907
30,Denmark,2,4,3,9,2012,17,0,1871,0.009086050240513,0.11215174873682,-0.059377711,0.0395365798657709
31,Romania,2,4,1,7,2012,15,0,1871,0.0080171031533939,0.1381380069280918,-0.032482878,-0.008737718
32,Azerbaijan,2,2,5,9,2012,15,0,1871,0.0080171031533939,0.0028537731498121,-0.170842115,0.2950248249394128
33,Switzerland,2,2,0,4,2012,10,0,1871,0.0053447354355959,0.0645047778662797,-0.042643872,0.0670263595359131
34,Norway,2,1,1,4,2012,9,0,1871,0.0048102618920363,0.0736612564982121,0.0268687394913607,-0.030603601
35,Lithuania,2,0,3,5,2012,9,0,1871,0.0048102618920363,0.0669766287272552,0.0052196483707915,0.0155849666549311
36,Tunisia,2,0,1,3,2012,7,0,1871,0.0037413148049171,0.0654829717458007,-0.022690087,0.0501545173104222
37,Sweden,1,4,3,8,2012,14,0,1871,0.0074826296098343,0.0678301712724681,-0.015719948,0.0220085393768702
38,Colombia,1,3,5,9,2012,14,0,1871,0.0074826296098343,0.1484936336468682,-0.135378614,0.1076244483216264
39,Mexico,1,3,4,8,2012,13,0,1871,0.0069481560662747,-0.036453767,-0.033701709,-0.026782985
40,Georgia,1,2,3,6,2012,10,0,1871,0.0053447354355959,0.0827749923119967,0.0030194783867324,0.0262135489999911
41,Ireland,1,1,4,6,2012,9,0,1871,0.0048102618920363,0.0043770977096089,0.0492732399711982,0.0361240253097746
42,Argentina,1,1,2,4,2012,7,0,1871,0.0037413148049171,0.0377932089641432,-0.009101754,0.0501999133209208
42,Serbia,1,1,2,4,2012,7,0,1871,0.0037413148049171,0.0980461061497171,-0.019366898,0.0025679770717682
42,Slovenia,1,1,2,4,2012,7,0,1871,0.0037413148049171,-0.024357192,0.0722823555021518,0.0826776687515192
42,Trinidad and Tobago,1,1,2,4,2012,7,0,1871,0.0037413148049171,0.0485508378565269,-0.0326002,0.0571114635394481
46,Turkey,1,1,1,3,2012,6,0,1871,0.0032068412613575,0.0348245838511438,0.0071872141261822,0.0390670382651637
47,Dominican Republic,1,1,0,2,2012,5,0,1871,0.0026723677177979,-0.001958229,0.0244336109896024,0.0942347767941562
48,Chinese Taipei,1,0,1,2,2012,4,0,1871,0.0021378941742383,0.0799537392253963,-0.067888814,0.1200063996829422
48,Latvia,1,0,1,2,2012,4,0,1871,0.0021378941742383,0.0795054125886066,-0.054190134,0.066111305588507
50,Algeria,1,0,0,1,2012,3,0,1871,0.0016034206306787,0.105674162807873,-0.062907429,0.0465656448550214
50,Bahamas,1,0,0,1,2012,3,0,1871,0.0016034206306787,0.0588599123419141,-0.010917959,0.0616733057440297
50,Bahrain,1,0,0,1,2012,3,0,1871,0.0016034206306787,0.0,0.0,0.0
50,Grenada,1,0,0,1,2012,3,0,1871,0.0016034206306787,0.0,0.0,0.0
50,Uganda,1,0,0,1,2012,3,0,1871,0.0016034206306787,0.0952758899767234,-0.08244583,0.076982418418866
50,Venezuela,1,0,0,1,2012,3,0,1871,0.0016034206306787,0.0982120652382588,-0.009936818,0.018882609597689
56,Egypt,0,3,1,4,2012,7,0,1871,0.0037413148049171,-0.011362303,0.0170307797201968,-0.019578094
57,India,0,2,4,6,2012,8,0,1871,0.0042757883484767,0.0354053868167537,0.0374176492799498,0.0175643905294755
58,Mongolia,0,2,3,5,2012,7,0,1871,0.0037413148049171,0.0356543206119922,0.0040909768986558,0.038058462930323
59,Thailand,0,2,2,4,2012,6,0,1871,0.0032068412613575,0.0754294831511271,0.0112659804556027,-0.044224613
60,Bulgaria,0,2,1,3,2012,5,0,1871,0.0026723677177979,0.0933639052482865,0.0060403658726689,-0.012116691
60,Finland,0,2,1,3,2012,5,0,1871,0.0026723677177979,0.0687637573636961,0.0453412694394228,-0.030496104
60,Indonesia,0,2,1,3,2012,5,0,1871,0.0026723677177979,0.0325525821731489,0.0679903256525186,-0.011363667
63,Slovakia,0,1,3,4,2012,5,0,1871,0.0026723677177979,0.0236150185204219,0.0284172266877504,0.0233445988852465
64,Belgium,0,1,2,3,2012,4,0,1871,0.0021378941742383,0.0999535450525768,-0.072116842,0.0394756734574606
65,Armenia,0,1,1,2,2012,3,0,1871,0.0016034206306787,0.1132858890106865,0.0593082124242049,-0.098302284
65,Estonia,0,1,1,2,2012,3,0,1871,0.0016034206306787,0.0880598816225788,-0.056791081,0.029837845459897
65,Malaysia,0,1,1,2,2012,3,0,1871,0.0016034206306787,-0.013200238,-0.073822421,0.3160609266471389
65,Puerto Rico,0,1,1,2,2012,3,0,1871,0.0016034206306787,0.0333449017498307,0.0077939908203272,0.0451754467957053
65,Qatar,0,1,1,2,2012,3,0,1871,0.0016034206306787,0.1720240088980114,0.2662275765399336,-0.502723561
70,Botswana,0,1,0,1,2012,2,0,1871,0.0010689470871191,0.0,0.0,0.0
70,Cyprus,0,1,0,1,2012,2,0,1871,0.0010689470871191,0.0,0.0,0.0
70,Gabon,0,1,0,1,2012,2,0,1871,0.0010689470871191,0.0,0.0,0.0
70,Guatemala,0,1,0,1,2012,2,0,1871,0.0010689470871191,0.0,0.0,0.0
70,Montenegro,0,1,0,1,2012,2,0,1871,0.0010689470871191,0.0,0.0,0.0
70,Portugal,0,1,0,1,2012,2,0,1871,0.0010689470871191,0.0502517307220905,0.0062580577956718,0.0442410827754413
76,Uzbekistan,0,0,3,3,2012,3,0,1871,0.0016034206306787,0.0029466549259328,0.0885854596506894,0.0959767115380872
77,Greece,0,0,2,2,2012,2,0,1871,0.0010689470871191,0.064844238365524,-0.031648542,-0.000569784
77,Singapore,0,0,2,2,2012,2,0,1871,0.0010689470871191,-0.029312439,0.0052517274344294,0.0842469383657985
79,Afghanistan,0,0,1,1,2012,1,0,1871,0.0005344735435595,0.0,0.0,0.0
79,Cameroon,0,0,1,1,2012,1,0,1871,0.0005344735435595,0.2906221822213744,-0.144000571,-0.108229423
79,Hong Kong,0,0,1,1,2012,1,0,1871,0.0005344735435595,0.0274543972354062,0.1135252103022514,0.1865581838920528
79,Kuwait,0,0,1,1,2012,1,0,1871,0.0005344735435595,0.0,0.0,0.0
79,Morocco,0,0,1,1,2012,1,0,1871,0.0005344735435595,0.0572735364001462,-0.004840799,0.0265370076612803
79,Saudi Arabia,0,0,1,1,2012,1,0,1871,0.0005344735435595,0.0,0.0,0.0
79,Tajikistan,0,0,1,1,2012,1,0,1871,0.0005344735435595,0.0,0.0,0.0
79,Vietnam,0,0,1,1,2012,1,0,1871,0.0005344735435595,0.0,0.0,0.0
1,United States,46,37,38,121,2016,250,0,1891,0.1322051824431517,-0.018635704,-0.009878765,-0.005536997
2,Great Britain,27,23,17,67,2016,144,0,1891,0.0761501850872554,-0.06192036,-0.031880806,-0.009741821
3,China,26,18,26,70,2016,140,0,1891,0.074034902168165,0.0349212185750656,-0.010283681,0.0244934903795986
4,Russia,19,17,20,56,2016,111,0,1891,0.0586991010047593,0.0185848998614509,0.0159157975272426,0.0385310585231525
5,Germany,17,10,15,42,2016,86,0,1891,0.0454785827604442,0.0037464236304567,0.054508500406284,0.0294116358445334
6,Japan,12,8,21,41,2016,73,0,1891,0.0386039132734003,0.0308954330278842,0.0076793706983338,-0.020519968
7,France,10,18,14,42,2016,80,0,1891,0.0423056583818085,-0.007371037,-0.005794931,-0.00930495
8,South Korea,9,3,9,21,2016,42,0,1891,0.0222104706504495,0.1299539397074564,-0.096731247,0.0460938076451412
9,Italy,8,12,8,28,2016,56,0,1891,0.0296139608672659,-0.028464728,0.000580383620461,0.0517707547535864
10,Australia,8,11,10,29,2016,56,0,1891,0.0296139608672659,0.0593783761803394,0.0105979239956092,-0.017491077
11,Netherlands,8,7,4,19,2016,42,0,1891,0.0222104706504495,0.0326027226637719,0.0182504912085674,-0.013945041
12,Hungary,8,3,4,15,2016,34,0,1891,0.0179799048122686,0.081822948682144,-0.015298107,0.0298869241525155
13,Brazil,7,6,6,19,2016,39,1,1891,0.0206240084611316,0.0474667852272042,0.0131828339023468,0.0570026670928254
14,Spain,7,4,6,17,2016,35,0,1891,0.0185087255420412,0.0523829915644519,-0.003431032,0.0516043365955357
15,Kenya,6,6,1,13,2016,31,0,1891,0.0163934426229508,-0.020869328,-0.005983973,0.0143254487759907
16,Jamaica,6,3,2,11,2016,26,0,1891,0.0137493389740877,0.0855338332575038,-0.021296139,0.0019865870098395
17,Croatia,5,3,2,10,2016,23,0,1891,0.0121628767847699,0.0534783003042977,-0.06571429,0.1750682572591144
18,Cuba,5,2,4,11,2016,23,0,1891,0.0121628767847699,0.1150892571363936,-0.012649172,-0.039939664
19,New Zealand,4,9,5,18,2016,35,0,1891,0.0185087255420412,0.0991513404046973,-0.003886849,0.0097812651250406
20,Canada,4,3,15,22,2016,33,0,1891,0.017451084082496,0.0147731501056603,-0.004054787,0.0028425278416601
21,Uzbekistan,4,2,7,13,2016,23,0,1891,0.0121628767847699,0.0029466549259328,0.0885854596506894,0.0959767115380872
22,Colombia,3,2,3,8,2016,16,0,1891,0.0084611316763617,0.1484936336468682,-0.135378614,0.1076244483216264
23,Switzerland,3,2,2,7,2016,15,0,1891,0.0079323109465891,0.0645047778662797,-0.042643872,0.0670263595359131
24,Iran,3,1,4,8,2016,15,0,1891,0.0079323109465891,0.0238295166639712,0.0229610738475428,0.0439875021982788
25,Greece,3,1,2,6,2016,13,0,1891,0.0068746694870438,0.064844238365524,-0.031648542,-0.000569784
26,Argentina,3,1,0,4,2016,11,0,1891,0.0058170280274986,0.0377932089641432,-0.009101754,0.0501999133209208
27,Denmark,2,6,7,15,2016,25,0,1891,0.0132205182443151,0.11215174873682,-0.059377711,0.0395365798657709
28,Sweden,2,6,3,11,2016,21,0,1891,0.0111052353252247,0.0678301712724681,-0.015719948,0.0220085393768702
29,South Africa,2,6,2,10,2016,20,0,1891,0.0105764145954521,0.0097076475034568,-0.014002044,0.0208371289553415
30,Kazakhstan,2,5,10,17,2016,26,0,1891,0.0137493389740877,-0.038340672,-0.170647365,-0.023989539
31,Ukraine,2,5,4,11,2016,20,0,1891,0.0105764145954521,0.1055313528667747,-0.081151223,0.0556947848215754
32,Serbia,2,4,2,8,2016,16,0,1891,0.0084611316763617,0.0980461061497171,-0.019366898,0.0025679770717682
33,Poland,2,3,6,11,2016,18,0,1891,0.0095187731359069,0.0960781072930106,-0.033445012,0.0298788401460767
34,North Korea,2,3,2,7,2016,14,0,1891,0.0074034902168164,0.1003192821811706,-0.077190182,0.0701035846888015
35,Belgium,2,2,2,6,2016,12,0,1891,0.0063458487572712,0.0999535450525768,-0.072116842,0.0394756734574606
35,Thailand,2,2,2,6,2016,12,0,1891,0.0063458487572712,0.0754294831511271,0.0112659804556027,-0.044224613
37,Slovakia,2,2,0,4,2016,10,0,1891,0.005288207297726,0.0236150185204219,0.0284172266877504,0.0233445988852465
38,Georgia,2,1,4,7,2016,12,0,1891,0.0063458487572712,0.0827749923119967,0.0030194783867324,0.0262135489999911
39,Azerbaijan,1,7,10,18,2016,27,0,1891,0.0142781597038603,0.0028537731498121,-0.170842115,0.2950248249394128
40,Belarus,1,4,4,9,2016,15,0,1891,0.0079323109465891,0.0961927242703584,0.0495922073693768,-0.054547977
41,Turkey,1,3,4,8,2016,13,0,1891,0.0068746694870438,0.0348245838511438,0.0071872141261822,0.0390670382651637
42,Armenia,1,3,0,4,2016,9,0,1891,0.0047593865679534,0.1132858890106865,0.0593082124242049,-0.098302284
43,Czech Republic,1,2,7,10,2016,14,0,1891,0.0074034902168164,-0.003407146,0.0993248221971498,0.0032549006544948
44,Ethiopia,1,2,5,8,2016,12,0,1891,0.0063458487572712,0.0501833073817357,0.0377994327773924,0.0065221512437059
45,Slovenia,1,2,1,4,2016,8,0,1891,0.0042305658381808,-0.024357192,0.0722823555021518,0.0826776687515192
46,Indonesia,1,2,0,3,2016,7,0,1891,0.0037017451084082,0.0325525821731489,0.0679903256525186,-0.011363667
47,Romania,1,1,2,4,2016,7,0,1891,0.0037017451084082,0.1381380069280918,-0.032482878,-0.008737718
48,Bahrain,1,1,0,2,2016,5,0,1891,0.002644103648863,0.0,0.0,0.0
48,Vietnam,1,1,0,2,2016,5,0,1891,0.002644103648863,0.0,0.0,0.0
50,Chinese Taipei,1,0,2,3,2016,5,0,1891,0.002644103648863,0.0799537392253963,-0.067888814,0.1200063996829422
51,Bahamas,1,0,1,2,2016,4,0,1891,0.0021152829190904,0.0588599123419141,-0.010917959,0.0616733057440297
51,Independent Olympic Athletes,1,0,1,2,2016,4,0,1891,0.0021152829190904,0.0,0.0,0.0
51,Ivory Coast,1,0,1,2,2016,4,0,1891,0.0021152829190904,0.0,0.0,0.0
54,Fiji,1,0,0,1,2016,3,0,1891,0.0015864621893178,0.0,0.0,0.0
54,Jordan,1,0,0,1,2016,3,0,1891,0.0015864621893178,0.0,0.0,0.0
54,Kosovo,1,0,0,1,2016,3,0,1891,0.0015864621893178,0.0,0.0,0.0
54,Puerto Rico,1,0,0,1,2016,3,0,1891,0.0015864621893178,0.0333449017498307,0.0077939908203272,0.0451754467957053
54,Singapore,1,0,0,1,2016,3,0,1891,0.0015864621893178,-0.029312439,0.0052517274344294,0.0842469383657985
54,Tajikistan,1,0,0,1,2016,3,0,1891,0.0015864621893178,0.0,0.0,0.0
60,Malaysia,0,4,1,5,2016,9,0,1891,0.0047593865679534,-0.013200238,-0.073822421,0.3160609266471389
61,Mexico,0,3,2,5,2016,8,0,1891,0.0042305658381808,-0.036453767,-0.033701709,-0.026782985
62,Venezuela,0,2,1,3,2016,5,0,1891,0.002644103648863,0.0982120652382588,-0.009936818,0.018882609597689
63,Algeria,0,2,0,2,2016,4,0,1891,0.0021152829190904,0.105674162807873,-0.062907429,0.0465656448550214
63,Ireland,0,2,0,2,2016,4,0,1891,0.0021152829190904,0.0043770977096089,0.0492732399711982,0.0361240253097746
65,Lithuania,0,1,3,4,2016,5,0,1891,0.002644103648863,0.0669766287272552,0.0052196483707915,0.0155849666549311
66,Bulgaria,0,1,2,3,2016,4,0,1891,0.0021152829190904,0.0933639052482865,0.0060403658726689,-0.012116691
67,India,0,1,1,2,2016,3,0,1891,0.0015864621893178,0.0354053868167537,0.0374176492799498,0.0175643905294755
67,Mongolia,0,1,1,2,2016,3,0,1891,0.0015864621893178,0.0356543206119922,0.0040909768986558,0.038058462930323
69,Burundi,0,1,0,1,2016,2,0,1891,0.0010576414595452,0.0,0.0,0.0
69,Grenada,0,1,0,1,2016,2,0,1891,0.0010576414595452,0.0,0.0,0.0
69,Niger,0,1,0,1,2016,2,0,1891,0.0010576414595452,0.0,0.0,0.0
69,Philippines,0,1,0,1,2016,2,0,1891,0.0010576414595452,0.1125621440638615,0.0413774240570134,-0.04002275
69,Qatar,0,1,0,1,2016,2,0,1891,0.0010576414595452,0.1720240088980114,0.2662275765399336,-0.502723561
74,Norway,0,0,4,4,2016,4,0,1891,0.0021152829190904,0.0736612564982121,0.0268687394913607,-0.030603601
75,Egypt,0,0,3,3,2016,3,0,1891,0.0015864621893178,-0.011362303,0.0170307797201968,-0.019578094
75,Tunisia,0,0,3,3,2016,3,0,1891,0.0015864621893178,0.0654829717458007,-0.022690087,0.0501545173104222
77,Israel,0,0,2,2,2016,2,0,1891,0.0010576414595452,0.1299735674390288,0.0004732473582725,0.0856536644549932
78,Austria,0,0,1,1,2016,1,0,1891,0.0005288207297726,0.1426373113008584,-0.072329556,0.0240571260583699
78,Dominican Republic,0,0,1,1,2016,1,0,1891,0.0005288207297726,-0.001958229,0.0244336109896024,0.0942347767941562
78,Estonia,0,0,1,1,2016,1,0,1891,0.0005288207297726,0.0880598816225788,-0.056791081,0.029837845459897
78,Finland,0,0,1,1,2016,1,0,1891,0.0005288207297726,0.0687637573636961,0.0453412694394228,-0.030496104
78,Morocco,0,0,1,1,2016,1,0,1891,0.0005288207297726,0.0572735364001462,-0.004840799,0.0265370076612803
78,Nigeria,0,0,1,1,2016,1,0,1891,0.0005288207297726,0.0588066290734749,0.0090844331932762,0.0141666385594043
78,Portugal,0,0,1,1,2016,1,0,1891,0.0005288207297726,0.0502517307220905,0.0062580577956718,0.0442410827754413
78,Trinidad and Tobago,0,0,1,1,2016,1,0,1891,0.0005288207297726,0.0485508378565269,-0.0326002,0.0571114635394481
78,United Arab Emirates,0,0,1,1,2016,1,0,1891,0.0005288207297726,0.0,0.0,0.0
1,United States,39,41,33,113,2020,232,0,2098,0.1105815061963775,-0.018635704,-0.009878765,-0.005536997
2,China,38,32,19,89,2020,197,0,2098,0.0938989513822688,0.0349212185750656,-0.010283681,0.0244934903795986
3,Japan,27,14,17,58,2020,126,1,2098,0.0600571973307912,0.0308954330278842,0.0076793706983338,-0.020519968
4,Great Britain,22,20,22,64,2020,128,0,2098,0.0610104861773117,-0.06192036,-0.031880806,-0.009741821
5,ROC,20,28,23,71,2020,139,0,2098,0.0662535748331744,0.0,0.0,0.0
6,Australia,17,7,22,46,2020,87,0,2098,0.0414680648236415,0.0593783761803394,0.0105979239956092,-0.017491077
7,Netherlands,10,12,14,36,2020,68,0,2098,0.0324118207816968,0.0326027226637719,0.0182504912085674,-0.013945041
8,France,10,12,11,33,2020,65,0,2098,0.0309818875119161,-0.007371037,-0.005794931,-0.00930495
9,Germany,10,11,16,37,2020,68,0,2098,0.0324118207816968,0.0037464236304567,0.054508500406284,0.0294116358445334
10,Italy,10,10,20,40,2020,70,0,2098,0.0333651096282173,-0.028464728,0.000580383620461,0.0517707547535864
11,Canada,7,7,10,24,2020,45,0,2098,0.0214489990467111,0.0147731501056603,-0.004054787,0.0028425278416601
12,Brazil,7,6,8,21,2020,41,0,2098,0.0195424213536701,0.0474667852272042,0.0131828339023468,0.0570026670928254
13,New Zealand,7,6,7,20,2020,40,0,2098,0.0190657769304099,0.0991513404046973,-0.003886849,0.0097812651250406
14,Cuba,7,3,5,15,2020,32,0,2098,0.0152526215443279,0.1150892571363936,-0.012649172,-0.039939664
15,Hungary,6,7,7,20,2020,39,0,2098,0.0185891325071496,0.081822948682144,-0.015298107,0.0298869241525155
16,South Korea,6,4,10,20,2020,36,0,2098,0.0171591992373689,0.1299539397074564,-0.096731247,0.0460938076451412
17,Poland,4,5,5,14,2020,27,0,2098,0.0128693994280266,0.0960781072930106,-0.033445012,0.0298788401460767
18,Czech Republic,4,4,3,11,2020,23,0,2098,0.0109628217349857,-0.003407146,0.0993248221971498,0.0032549006544948
19,Kenya,4,4,2,10,2020,22,0,2098,0.0104861773117254,-0.020869328,-0.005983973,0.0143254487759907
20,Norway,4,2,2,8,2020,18,0,2098,0.0085795996186844,0.0736612564982121,0.0268687394913607,-0.030603601
21,Jamaica,4,1,4,9,2020,18,0,2098,0.0085795996186844,0.0855338332575038,-0.021296139,0.0019865870098395
22,Spain,3,8,6,17,2020,31,0,2098,0.0147759771210676,0.0523829915644519,-0.003431032,0.0516043365955357
23,Sweden,3,6,0,9,2020,21,0,2098,0.0100095328884652,0.0678301712724681,-0.015719948,0.0220085393768702
24,Switzerland,3,4,6,13,2020,23,0,2098,0.0109628217349857,0.0645047778662797,-0.042643872,0.0670263595359131
25,Denmark,3,4,4,11,2020,21,0,2098,0.0100095328884652,0.11215174873682,-0.059377711,0.0395365798657709
26,Croatia,3,3,2,8,2020,17,0,2098,0.0081029551954242,0.0534783003042977,-0.06571429,0.1750682572591144
27,Iran,3,2,2,7,2020,15,0,2098,0.0071496663489037,0.0238295166639712,0.0229610738475428,0.0439875021982788
28,Serbia,3,1,5,9,2020,16,0,2098,0.0076263107721639,0.0980461061497171,-0.019366898,0.0025679770717682
29,Belgium,3,1,3,7,2020,14,0,2098,0.0066730219256434,0.0999535450525768,-0.072116842,0.0394756734574606
30,Bulgaria,3,1,2,6,2020,13,0,2098,0.0061963775023832,0.0933639052482865,0.0060403658726689,-0.012116691
31,Slovenia,3,1,1,5,2020,12,0,2098,0.0057197330791229,-0.024357192,0.0722823555021518,0.0826776687515192
32,Uzbekistan,3,0,2,5,2020,11,0,2098,0.0052430886558627,0.0029466549259328,0.0885854596506894,0.0959767115380872
33,Georgia,2,5,1,8,2020,17,0,2098,0.0081029551954242,0.0827749923119967,0.0030194783867324,0.0262135489999911
34,Chinese Taipei,2,4,6,12,2020,20,0,2098,0.0095328884652049,0.0799537392253963,-0.067888814,0.1200063996829422
35,Turkey,2,2,9,13,2020,19,0,2098,0.0090562440419447,0.0348245838511438,0.0071872141261822,0.0390670382651637
36,Greece,2,1,1,4,2020,9,0,2098,0.0042897998093422,0.064844238365524,-0.031648542,-0.000569784
36,Uganda,2,1,1,4,2020,9,0,2098,0.0042897998093422,0.0952758899767234,-0.08244583,0.076982418418866
38,Ecuador,2,1,0,3,2020,8,0,2098,0.0038131553860819,0.0,0.0,0.0
39,Ireland,2,0,2,4,2020,8,0,2098,0.0038131553860819,0.0043770977096089,0.0492732399711982,0.0361240253097746
39,Israel,2,0,2,4,2020,8,0,2098,0.0038131553860819,0.1299735674390288,0.0004732473582725,0.0856536644549932
41,Qatar,2,0,1,3,2020,7,0,2098,0.0033365109628217,0.1720240088980114,0.2662275765399336,-0.502723561
42,Bahamas,2,0,0,2,2020,6,0,2098,0.0028598665395614,0.0588599123419141,-0.010917959,0.0616733057440297
42,Kosovo,2,0,0,2,2020,6,0,2098,0.0028598665395614,0.0,0.0,0.0
44,Ukraine,1,6,12,19,2020,27,0,2098,0.0128693994280266,0.1055313528667747,-0.081151223,0.0556947848215754
45,Belarus,1,3,3,7,2020,12,0,2098,0.0057197330791229,0.0961927242703584,0.0495922073693768,-0.054547977
46,Romania,1,3,0,4,2020,9,0,2098,0.0042897998093422,0.1381380069280918,-0.032482878,-0.008737718
46,Venezuela,1,3,0,4,2020,9,0,2098,0.0042897998093422,0.0982120652382588,-0.009936818,0.018882609597689
48,India,1,2,4,7,2020,11,0,2098,0.0052430886558627,0.0354053868167537,0.0374176492799498,0.0175643905294755
49,Hong Kong,1,2,3,6,2020,10,0,2098,0.0047664442326024,0.0274543972354062,0.1135252103022514,0.1865581838920528
50,Philippines,1,2,1,4,2020,8,0,2098,0.0038131553860819,0.1125621440638615,0.0413774240570134,-0.04002275
50,Slovakia,1,2,1,4,2020,8,0,2098,0.0038131553860819,0.0236150185204219,0.0284172266877504,0.0233445988852465
52,South Africa,1,2,0,3,2020,7,0,2098,0.0033365109628217,0.0097076475034568,-0.014002044,0.0208371289553415
53,Austria,1,1,5,7,2020,10,0,2098,0.0047664442326024,0.1426373113008584,-0.072329556,0.0240571260583699
54,Egypt,1,1,4,6,2020,9,0,2098,0.0042897998093422,-0.011362303,0.0170307797201968,-0.019578094
55,Indonesia,1,1,3,5,2020,8,0,2098,0.0038131553860819,0.0325525821731489,0.0679903256525186,-0.011363667
56,Ethiopia,1,1,2,4,2020,7,0,2098,0.0033365109628217,0.0501833073817357,0.0377994327773924,0.0065221512437059
56,Portugal,1,1,2,4,2020,7,0,2098,0.0033365109628217,0.0502517307220905,0.0062580577956718,0.0442410827754413
58,Tunisia,1,1,0,2,2020,5,0,2098,0.0023832221163012,0.0654829717458007,-0.022690087,0.0501545173104222
59,Estonia,1,0,1,2,2020,4,0,2098,0.0019065776930409,0.0880598816225788,-0.056791081,0.029837845459897
59,Fiji,1,0,1,2,2020,4,0,2098,0.0019065776930409,0.0,0.0,0.0
59,Latvia,1,0,1,2,2020,4,0,2098,0.0019065776930409,0.0795054125886066,-0.054190134,0.066111305588507
59,Thailand,1,0,1,2,2020,4,0,2098,0.0019065776930409,0.0754294831511271,0.0112659804556027,-0.044224613
63,Bermuda,1,0,0,1,2020,3,0,2098,0.0014299332697807,0.0,0.0,0.0
63,Morocco,1,0,0,1,2020,3,0,2098,0.0014299332697807,0.0572735364001462,-0.004840799,0.0265370076612803
63,Puerto Rico,1,0,0,1,2020,3,0,2098,0.0014299332697807,0.0333449017498307,0.0077939908203272,0.0451754467957053
66,Colombia,0,4,1,5,2020,9,0,2098,0.0042897998093422,0.1484936336468682,-0.135378614,0.1076244483216264
67,Azerbaijan,0,3,4,7,2020,10,0,2098,0.0047664442326024,0.0028537731498121,-0.170842115,0.2950248249394128
68,Dominican Republic,0,3,2,5,2020,8,0,2098,0.0038131553860819,-0.001958229,0.0244336109896024,0.0942347767941562
69,Armenia,0,2,2,4,2020,6,0,2098,0.0028598665395614,0.1132858890106865,0.0593082124242049,-0.098302284
70,Kyrgyzstan,0,2,1,3,2020,5,0,2098,0.0023832221163012,0.0,0.0,0.0
71,Mongolia,0,1,3,4,2020,5,0,2098,0.0023832221163012,0.0356543206119922,0.0040909768986558,0.038058462930323
72,Argentina,0,1,2,3,2020,4,0,2098,0.0019065776930409,0.0377932089641432,-0.009101754,0.0501999133209208
72,San Marino,0,1,2,3,2020,4,0,2098,0.0019065776930409,0.0,0.0,0.0
74,Jordan,0,1,1,2,2020,3,0,2098,0.0014299332697807,0.0,0.0,0.0
74,Malaysia,0,1,1,2,2020,3,0,2098,0.0014299332697807,-0.013200238,-0.073822421,0.3160609266471389
74,Nigeria,0,1,1,2,2020,3,0,2098,0.0014299332697807,0.0588066290734749,0.0090844331932762,0.0141666385594043
77,Bahrain,0,1,0,1,2020,2,0,2098,0.0009532888465204,0.0,0.0,0.0
77,Lithuania,0,1,0,1,2020,2,0,2098,0.0009532888465204,0.0669766287272552,0.0052196483707915,0.0155849666549311
77,Namibia,0,1,0,1,2020,2,0,2098,0.0009532888465204,0.0,0.0,0.0
77,North Macedonia,0,1,0,1,2020,2,0,2098,0.0009532888465204,0.0,0.0,0.0
77,Saudi Arabia,0,1,0,1,2020,2,0,2098,0.0009532888465204,0.0,0.0,0.0
77,Turkmenistan,0,1,0,1,2020,2,0,2098,0.0009532888465204,0.0,0.0,0.0
83,Kazakhstan,0,0,8,8,2020,8,0,2098,0.0038131553860819,-0.038340672,-0.170647365,-0.023989539
84,Mexico,0,0,4,4,2020,4,0,2098,0.0019065776930409,-0.036453767,-0.033701709,-0.026782985
85,Finland,0,0,2,2,2020,2,0,2098,0.0009532888465204,0.0687637573636961,0.0453412694394228,-0.030496104
86,Botswana,0,0,1,1,2020,1,0,2098,0.0004766444232602,0.0,0.0,0.0
86,Burkina Faso,0,0,1,1,2020,1,0,2098,0.0004766444232602,0.0,0.0,0.0
86,Ghana,0,0,1,1,2020,1,0,2098,0.0004766444232602,0.02241060568343,0.0350502596303638,0.0039971230831726
86,Grenada,0,0,1,1,2020,1,0,2098,0.0004766444232602,0.0,0.0,0.0
86,Ivory Coast,0,0,1,1,2020,1,0,2098,0.0004766444232602,0.0,0.0,0.0
86,Kuwait,0,0,1,1,2020,1,0,2098,0.0004766444232602,0.0,0.0,0.0
86,Moldova,0,0,1,1,2020,1,0,2098,0.0004766444232602,0.0564541662941908,-0.21467388,0.2043060991000954
86,Syria,0,0,1,1,2020,1,0,2098,0.0004766444232602,0.0,0.0,0.0
1,United States,40,44,42,126,2024,250,0,2022,0.1236399604352126,-0.018635704,-0.009878765,-0.005536997
2,China,40,27,24,91,2024,198,0,2022,0.0979228486646884,0.0349212185750656,-0.010283681,0.0244934903795986
3,Japan,20,12,13,45,2024,97,0,2022,0.0479723046488625,0.0308954330278842,0.0076793706983338,-0.020519968
4,Australia,18,19,16,53,2024,108,0,2022,0.0534124629080118,0.0593783761803394,0.0105979239956092,-0.017491077
5,France,16,26,22,64,2024,122,1,2022,0.0603363006923837,-0.007371037,-0.005794931,-0.00930495
6,Netherlands,15,7,12,34,2024,71,0,2022,0.0351137487636004,0.0326027226637719,0.0182504912085674,-0.013945041
7,Great Britain,14,22,29,65,2024,115,0,2022,0.0568743818001978,-0.06192036,-0.031880806,-0.009741821
8,South Korea,13,9,10,32,2024,67,0,2022,0.0331355093966369,0.1299539397074564,-0.096731247,0.0460938076451412
9,Italy,12,13,15,40,2024,77,0,2022,0.0380811078140455,-0.028464728,0.000580383620461,0.0517707547535864
10,Germany,12,13,8,33,2024,70,0,2022,0.0346191889218595,0.0037464236304567,0.054508500406284,0.0294116358445334
11,New Zealand,10,7,3,20,2024,47,0,2022,0.0232443125618199,0.0991513404046973,-0.003886849,0.0097812651250406
12,Canada,9,7,11,27,2024,52,0,2022,0.0257171117705242,0.0147731501056603,-0.004054787,0.0028425278416601
13,Uzbekistan,8,2,3,13,2024,31,0,2022,0.0153313550939663,0.0029466549259328,0.0885854596506894,0.0959767115380872
14,Hungary,6,7,6,19,2024,38,0,2022,0.0187932739861523,0.081822948682144,-0.015298107,0.0298869241525155
15,Spain,5,4,9,18,2024,32,0,2022,0.0158259149357072,0.0523829915644519,-0.003431032,0.0516043365955357
16,Sweden,4,4,3,11,2024,23,0,2022,0.0113748763600395,0.0678301712724681,-0.015719948,0.0220085393768702
17,Kenya,4,2,5,11,2024,21,0,2022,0.0103857566765578,-0.020869328,-0.005983973,0.0143254487759907
18,Norway,4,1,3,8,2024,17,0,2022,0.0084075173095944,0.0736612564982121,0.0268687394913607,-0.030603601
19,Ireland,4,0,3,7,2024,15,0,2022,0.0074183976261127,0.0043770977096089,0.0492732399711982,0.0361240253097746
20,Brazil,3,7,10,20,2024,33,0,2022,0.016320474777448,0.0474667852272042,0.0131828339023468,0.0570026670928254
21,Iran,3,6,3,12,2024,24,0,2022,0.0118694362017804,0.0238295166639712,0.0229610738475428,0.0439875021982788
22,Ukraine,3,5,4,12,2024,23,0,2022,0.0113748763600395,0.1055313528667747,-0.081151223,0.0556947848215754
23,Romania,3,4,2,9,2024,19,0,2022,0.0093966369930761,0.1381380069280918,-0.032482878,-0.008737718
24,Georgia,3,3,1,7,2024,16,0,2022,0.0079129574678536,0.0827749923119967,0.0030194783867324,0.0262135489999911
25,Belgium,3,1,6,10,2024,17,0,2022,0.0084075173095944,0.0999535450525768,-0.072116842,0.0394756734574606
26,Bulgaria,3,1,3,7,2024,14,0,2022,0.0069238377843719,0.0933639052482865,0.0060403658726689,-0.012116691
27,Serbia,3,1,1,5,2024,12,0,2022,0.0059347181008902,0.0980461061497171,-0.019366898,0.0025679770717682
28,Czech Republic,3,0,2,5,2024,11,0,2022,0.0054401582591493,-0.003407146,0.0993248221971498,0.0032549006544948
29,Denmark,2,2,5,9,2024,15,0,2022,0.0074183976261127,0.11215174873682,-0.059377711,0.0395365798657709
30,Azerbaijan,2,2,3,7,2024,13,0,2022,0.006429277942631,0.0028537731498121,-0.170842115,0.2950248249394128
30,Croatia,2,2,3,7,2024,13,0,2022,0.006429277942631,0.0534783003042977,-0.06571429,0.1750682572591144
32,Cuba,2,1,6,9,2024,14,0,2022,0.0069238377843719,0.1150892571363936,-0.012649172,-0.039939664
33,Bahrain,2,1,1,4,2024,9,0,2022,0.0044510385756676,0.0,0.0,0.0
34,Slovenia,2,1,0,3,2024,8,0,2022,0.0039564787339268,-0.024357192,0.0722823555021518,0.0826776687515192
35,Chinese Taipei,2,0,5,7,2024,11,0,2022,0.0054401582591493,0.0799537392253963,-0.067888814,0.1200063996829422
36,Austria,2,0,3,5,2024,9,0,2022,0.0044510385756676,0.1426373113008584,-0.072329556,0.0240571260583699
37,Hong Kong,2,0,2,4,2024,8,0,2022,0.0039564787339268,0.0274543972354062,0.1135252103022514,0.1865581838920528
37,Philippines,2,0,2,4,2024,8,0,2022,0.0039564787339268,0.1125621440638615,0.0413774240570134,-0.04002275
39,Algeria,2,0,1,3,2024,7,0,2022,0.0034619188921859,0.105674162807873,-0.062907429,0.0465656448550214
39,Indonesia,2,0,1,3,2024,7,0,2022,0.0034619188921859,0.0325525821731489,0.0679903256525186,-0.011363667
41,Israel,1,5,1,7,2024,14,0,2022,0.0069238377843719,0.1299735674390288,0.0004732473582725,0.0856536644549932
42,Poland,1,4,5,10,2024,16,0,2022,0.0079129574678536,0.0960781072930106,-0.033445012,0.0298788401460767
43,Kazakhstan,1,3,3,7,2024,12,0,2022,0.0059347181008902,-0.038340672,-0.170647365,-0.023989539
44,Jamaica,1,3,2,6,2024,11,0,2022,0.0054401582591493,0.0855338332575038,-0.021296139,0.0019865870098395
44,South Africa,1,3,2,6,2024,11,0,2022,0.0054401582591493,0.0097076475034568,-0.014002044,0.0208371289553415
44,Thailand,1,3,2,6,2024,11,0,2022,0.0054401582591493,0.0754294831511271,0.0112659804556027,-0.044224613
47,Ethiopia,1,3,0,4,2024,9,0,2022,0.0044510385756676,0.0501833073817357,0.0377994327773924,0.0065221512437059
48,Switzerland,1,2,5,8,2024,12,0,2022,0.0059347181008902,0.0645047778662797,-0.042643872,0.0670263595359131
49,Ecuador,1,2,2,5,2024,9,0,2022,0.0044510385756676,0.0,0.0,0.0
50,Portugal,1,2,1,4,2024,8,0,2022,0.0039564787339268,0.0502517307220905,0.0062580577956718,0.0442410827754413
51,Greece,1,1,6,8,2024,11,0,2022,0.0054401582591493,0.064844238365524,-0.031648542,-0.000569784
52,Argentina,1,1,1,3,2024,6,0,2022,0.0029673590504451,0.0377932089641432,-0.009101754,0.0501999133209208
52,Egypt,1,1,1,3,2024,6,0,2022,0.0029673590504451,-0.011362303,0.0170307797201968,-0.019578094
52,Tunisia,1,1,1,3,2024,6,0,2022,0.0029673590504451,0.0654829717458007,-0.022690087,0.0501545173104222
55,Botswana,1,1,0,2,2024,5,0,2022,0.0024727992087042,0.0,0.0,0.0
55,Chile,1,1,0,2,2024,5,0,2022,0.0024727992087042,0.0061582518953526,-0.003767427,0.0468435264192354
55,Saint Lucia,1,1,0,2,2024,5,0,2022,0.0024727992087042,0.0,0.0,0.0
55,Uganda,1,1,0,2,2024,5,0,2022,0.0024727992087042,0.0952758899767234,-0.08244583,0.076982418418866
59,Dominican Republic,1,0,2,3,2024,5,0,2022,0.0024727992087042,-0.001958229,0.0244336109896024,0.0942347767941562
60,Guatemala,1,0,1,2,2024,4,0,2022,0.0019782393669634,0.0,0.0,0.0
60,Morocco,1,0,1,2,2024,4,0,2022,0.0019782393669634,0.0572735364001462,-0.004840799,0.0265370076612803
62,Dominica,1,0,0,1,2024,3,0,2022,0.0014836795252225,0.0,0.0,0.0
62,Pakistan,1,0,0,1,2024,3,0,2022,0.0014836795252225,-0.044496238,0.0428995127110449,0.0556258349103398
64,Turkey,0,3,5,8,2024,11,0,2022,0.0054401582591493,0.0348245838511438,0.0071872141261822,0.0390670382651637
65,Mexico,0,3,2,5,2024,8,0,2022,0.0039564787339268,-0.036453767,-0.033701709,-0.026782985
66,Armenia,0,3,1,4,2024,7,0,2022,0.0034619188921859,0.1132858890106865,0.0593082124242049,-0.098302284
66,Colombia,0,3,1,4,2024,7,0,2022,0.0034619188921859,0.1484936336468682,-0.135378614,0.1076244483216264
68,Kyrgyzstan,0,2,4,6,2024,8,0,2022,0.0039564787339268,0.0,0.0,0.0
68,North Korea,0,2,4,6,2024,8,0,2022,0.0039564787339268,0.1003192821811706,-0.077190182,0.0701035846888015
70,Lithuania,0,2,2,4,2024,6,0,2022,0.0029673590504451,0.0669766287272552,0.0052196483707915,0.0155849666549311
71,India,0,1,5,6,2024,7,0,2022,0.0034619188921859,0.0354053868167537,0.0374176492799498,0.0175643905294755
72,Moldova,0,1,3,4,2024,5,0,2022,0.0024727992087042,0.0564541662941908,-0.21467388,0.2043060991000954
73,Kosovo,0,1,1,2,2024,3,0,2022,0.0014836795252225,0.0,0.0,0.0
74,Cyprus,0,1,0,1,2024,2,0,2022,0.0009891196834817,0.0,0.0,0.0
74,Fiji,0,1,0,1,2024,2,0,2022,0.0009891196834817,0.0,0.0,0.0
74,Jordan,0,1,0,1,2024,2,0,2022,0.0009891196834817,0.0,0.0,0.0
74,Mongolia,0,1,0,1,2024,2,0,2022,0.0009891196834817,0.0356543206119922,0.0040909768986558,0.038058462930323
74,Panama,0,1,0,1,2024,2,0,2022,0.0009891196834817,0.0,0.0,0.0
79,Tajikistan,0,0,3,3,2024,3,0,2022,0.0014836795252225,0.0,0.0,0.0
80,Albania,0,0,2,2,2024,2,0,2022,0.0009891196834817,0.0,0.0,0.0
80,Grenada,0,0,2,2,2024,2,0,2022,0.0009891196834817,0.0,0.0,0.0
80,Malaysia,0,0,2,2,2024,2,0,2022,0.0009891196834817,-0.013200238,-0.073822421,0.3160609266471389
80,Puerto Rico,0,0,2,2,2024,2,0,2022,0.0009891196834817,0.0333449017498307,0.0077939908203272,0.0451754467957053
84,Cabo Verde,0,0,1,1,2024,1,0,2022,0.0004945598417408,0.0,0.0,0.0
84,Ivory Coast,0,0,1,1,2024,1,0,2022,0.0004945598417408,0.0,0.0,0.0
84,Peru,0,0,1,1,2024,1,0,2022,0.0004945598417408,-0.000488819,-0.001099503,0.0350495765136951
84,Qatar,0,0,1,1,2024,1,0,2022,0.0004945598417408,0.1720240088980114,0.2662275765399336,-0.502723561
84,Refugee Olympic Team,0,0,1,1,2024,1,0,2022,0.0004945598417408,0.0,0.0,0.0
84,Singapore,0,0,1,1,2024,1,0,2022,0.0004945598417408,-0.029312439,0.0052517274344294,0.0842469383657985
84,Slovakia,0,0,1,1,2024,1,0,2022,0.0004945598417408,0.0236150185204219,0.0284172266877504,0.0233445988852465
84,Zambia,0,0,1,1,2024,1,0,2022,0.0004945598417408,0.0,0.0,0.0
